x,y
0.054960766135811093,-0.031789111901650978
0.10495160223660956,-0.0315918834640442
0.15494238195471155,-0.031380842254676487
0.20493310557311717,-0.031156901886716729
0.25492377408421285,-0.030920976432413302
0.30491438913985136,-0.030673980373858326
0.35490495300128622,-0.030416828553951867
0.4048954684890006,-0.030150436127554109
0.45488593893242579,-0.029875718512814019
0.50487636811955772,-0.029593591342662325
0.55486676024650972,-0.029304970416456914
0.60485711986697943,-0.029010771651768484
0.65484745184168935,-0.028711911036294183
0.70483776128775899,-0.028409304579887051
0.75482805352807536,-0.028103868266688838
0.80481833404063374,-0.027796518007353783
0.85480860840788697,-0.027488169591351141
0.9047988822661035,-0.02717973863933373
0.95478916125475988,-0.026872140555560246
1.0047794509659629,-0.026566290480358926
1.0547697568939312,-0.026263103242619955
1.104760084384532,-0.025963493312304516
1.1547504385849157,-0.025668374752957798
1.2047408243932225,-0.025378661174214067
1.2547312464084088,-0.025095265684281214
1.3047217088801726,-0.024819100842392954
1.3547122156590294,-0.024551078611216467
1.4047027701465278,-0.024292110309203509
1.4546933752455977,-0.02404310656287344
1.504684033311114,-0.023804977259016216
1.5546747457881118,-0.023578561293366062
1.6046655106790684,-0.023364028947772363
1.6546563243507693,-0.023161180859692512
1.7046471832953558,-0.02296981399609789
1.7546380841457228,-0.022789725562995907
1.8046290236728244,-0.022620713000327055
1.8546199987829834,-0.022462573976865876
1.9046110065152135,-0.022315106385125814
1.9546020440385654,-0.022178108336267717
2.0045931086494813,-0.022051378155011986
2.0545841977691599,-0.021934714374554156
2.1045753089409454,-0.021827915731483818
2.1545664398277213,-0.021730781160706755
2.2045575882093162,-0.021643109790370162
2.2545487519799385,-0.021564700936790773
2.3045399291455952,-0.021495354099385897
2.35453111782155,-0.021434868955607003
2.4045223162297722,-0.02138304535587594
2.4545135226964199,-0.021339683318523546
2.5045047356493129,-0.021304583024730508
2.554495953615425,-0.021277544813470335
2.6044871752183809,-0.021258369176454329
2.6544783991759844,-0.021246856753078431
2.7044696242977295,-0.02124280832537169
2.7544608494823315,-0.021246024812946327
2.8044520737152796,-0.0212563072679492
2.8544432960663699,-0.021273456870014515
2.9044345156872815,-0.021297274921217628
2.9544257318091378,-0.021327562841029837
3.0044169437400758,-0.021364122161273917
3.0544081508628373,-0.021406754521080373
3.104399352632361,-0.021455261661844138
3.1543905485733661,-0.021509445422181615
3.2043817382779736,-0.021569107732887918
3.2543729214033106,-0.021634050611894141
3.304364097669128,-0.021704076159224501
3.3543552668554222,-0.021778986551953122
3.4043464288000633,-0.021858584039160463
3.4543375833964345,-0.021942670936889105
3.5043287305910646,-0.022031049623098695
3.5543198703812759,-0.022123522532620052
3.6043110028128376,-0.02221989215210813
3.6543021279776027,-0.022319961014993679
3.7042932460111779,-0.022423531696433539
3.7542843570905857,-0.022530406808259313
3.8042754614319092,-0.022640388993924242
3.8542665592879768,-0.022753280923448194
3.9042576509460258,-0.022868885288360587
3.9542487367253667,-0.022987004796640925
4.0042398169750646,-0.023107442167657009
4.0542308920716037,-0.023230000127100497
4.1042219624165739,-0.023354481401919671
4.1542130284343459,-0.023480688715249318
4.2042040905697382,-0.023608424781337387
4.25419514928572,-0.023737492300468458
4.3041862050610495,-0.02386769395388362
4.3541772583880061,-0.023998832398696903
4.4041683097700162,-0.024130710262807619
4.4541593597193705,-0.024263130139808985
4.5041504087548763,-0.024395894583892408
4.5541414573981527,-0.024528806104743776
4.604132506177141,-0.024661667162454468
4.654123555614694,-0.024794280162388008
4.7041146062324728,-0.024926447450082479
4.7541056585470134,-0.025057971306127184
4.8040967130674082,-0.025188653941038287
4.8540877702929546,-0.025318297490129045
4.9040788307108247,-0.025446704008374454
4.9540698947937063,-0.025573675465270132
5.0040609629974631,-0.025699013739685281
5.0540520357587777,-0.025822520614709511
5.1040431134927902,-0.025943997772493357
5.1540341965907457,-0.026063246789082391
5.2040252854176039,-0.026180069129244522
5.2540163803096886,-0.026294266141290653
5.3040074815722962,-0.026405639051888193
5.3539985894773094,-0.026513988960867377
5.4039897042608001,-0.026619116836020258
5.4539808261206417,-0.026720823507892125
5.5039719552140944,-0.026818909664565186
5.5539630916553904,-0.026913175846434295
5.6039542355133154,-0.027003422440974631
5.6539453868087808,-0.027089449677501088
5.7039365455123665,-0.02717105762191914
5.7539277115419036,-0.027248046171467234
5.8039188847599998,-0.027320215049450123
5.8539100649715756,-0.027387363799963427
5.9039012519213871,-0.027449291782608867
5.9538924452915527,-0.027505798167200231
6.0038836446990373,-0.027556681928459704
6.0538748496931678,-0.027601741840704599
6.1038660597530967,-0.027640776472524095
6.1538572742852846,-0.027673584181445953
6.2038484926209554,-0.027699963108592955
6.253839714013548,-0.027719711173328922
6.3038309376361381,-0.027732626067894121
6.3538221625788864,-0.02773850525202988
6.4038133878464105,-0.027737145947592228
6.4538046123552189,-0.027728345133154475
6.5037958349310614,-0.027711899538598341
6.553787054306321,-0.027687605639693684
6.6037782691173463,-0.027655259652666572
6.6537694779018075,-0.02761465752875546
6.7037606790960069,-0.027565594948755403
6.7537518710321933,-0.027507867317550033
6.8037430519358519,-0.027441269758631242
6.8537342199229698,-0.027365597108606241
6.903725372997318,-0.027280643911692035
6.9537165090476645,-0.027186204414196957
7.0037076258450162,-0.027082072558989111
7.0536987210390203,-0.026968041979953658
7.1036897921573949,-0.026843905996429718
7.1536808366060249,-0.026709457607629036
7.2036718516472948,-0.026564489487102685
7.2536628344258247,-0.026408793977065005
7.3036537819467018,-0.026242163082830235
7.3536446910772764,-0.026064388467172857
7.4036355585442557,-0.025875261444685785
7.4536263809307286,-0.025674572976124146
7.5036171546732033,-0.025462113662734272
7.5536078768879085,-0.025237855909179249
7.6035985519705402,-0.025003317941043549
7.6535891890119467,-0.024760801153070111
7.7035797982579002,-0.024512616544008433
7.7535703907432501,-0.02426107601319271
7.8035609779590303,-0.024008489593487215
7.8535515715180653,-0.023757162695855791
7.9035421828225729,-0.023509393374401076
7.95353282273555,-0.023267469620581887
8.0035235012579928,-0.023033666695119512
8.0535142272136486,-0.02281024450585668
8.1035050079430686,-0.022599445039536783
8.1534958490087046,-0.02240348985513075
8.203486753912447,-0.02222457764595644
8.253477723827201,-0.022064881877415298
8.3034687573436869,-0.021926548506716749
8.3534598502337509,-0.021811693790477552
8.4034509952311307,-0.021722402185574238
8.4534421818306491,-0.021660724348097401
8.5034333961065585,-0.021628675234711625
8.5534246205506044,-0.021628232310168027
8.6034158339303115,-0.021661333864153701
8.6534070111677206,-0.021729877440096829
8.7033981232387756,-0.02183571837798343
8.7533891370933734,-0.021980668472685466
8.8033800155958843,-0.022166494748753676
8.8533707174859408,-0.02239491835209681
8.9033611973590929,-0.022667613558454536
8.9533514056672683,-0.022986206898080251
9.0033412887351467,-0.023352276395553869
9.053330758374285,-0.02377080787002437
9.1033188601918926,-0.024326084670034363
9.1533026342350485,-0.025181979250340315
9.2032759922733103,-0.026508676387829392
9.2532277697667489,-0.028482750745912729
9.3031393484113245,-0.03129067026652841
9.3529816606481226,-0.035132256058003616
9.4027113287408,-0.040224002268348713
9.4522656656285218,-0.046802003025258929
9.5015562749041784,-0.05512398613223661
9.550461091692334,-0.06546958208593362
9.5988150095880531,-0.078137452255513565
9.6463998964772326,-0.093437334133467054
9.6929359732201892,-0.11167469903244055
9.7380782006685305,-0.13312614389089136
9.7814229760056026,-0.15800566064793395
9.8226034113722811,-0.18632474102414792
9.8615064933554208,-0.21770257968106221
9.8981495501352228,-0.25169545055241893
9.9326214946630014,-0.28789075119161306
9.9650581523330057,-0.32592276282969534
9.9956216741879249,-0.36547738690194875
10.024485551757717,-0.40629005938296908
10.051824854274509,-0.44814025834051918
10.07781057191837,-0.49084483393459843
10.102606886655675,-0.53425139099721564
10.126370409270768,-0.57823228433063623
10.149250697550709,-0.622679395989021
10.171390947255254,-0.66749998369646246
10.192888951988632,-0.71263221856706616
10.213776459112097,-0.75805026193788105
10.234080859952506,-0.80373200454213056
10.253830897241848,-0.84965617990913112
10.27305650905206,-0.89580239437498788
10.291788681113871,-0.94215113998795352
10.310059309038731,-0.98868379183564314
10.327901071499292,-1.0353825914563881
10.345347314975538,-1.0822306179985335
10.362431950282456,-1.1292117487508038
10.379189360757845,-1.1763106105810111
10.395654321705232,-1.2235125237037767
10.411861930455036,-1.2708034390631207
10.427847546221452,-1.3181698704719769
10.44364673878774,-1.3655988225057254
10.459295244947439,-1.4130777150239346
10.474828931528299,-1.4605943050107253
10.490283763811075,-1.508136606448623
10.505695778050642,-1.5556928086579276
10.52110105683566,-1.6032511936371214
10.536535705971447,-1.6508000527920959
10.552035831569238,-1.6983276034476982
10.567637516017713,-1.7458219055277369
10.583376791512238,-1.7932707788101041
10.599289609823842,-1.8406617212076479
10.615411807004977,-1.887981828592149
10.631779061756454,-1.9352177167678382
10.648426846223023,-1.982355446309997
10.665390368050087,-2.0293804511120399
10.682704138500933,-2.0762776074129832
10.700381785219864,-2.1230388233859552
10.718405771584607,-2.1696676523590765
10.73675608954871,-2.2161690372898031
10.755412870266927,-2.2625483282183216
10.7743563934253,-2.3088112515746402
10.793567093162784,-2.3549638803746569
10.813025560853795,-2.4010126053968825
10.832712545018857,-2.4469641073991775
10.852608948624782,-2.4928253304050494
10.872695824027986,-2.5386034560634378
10.892954365804547,-2.5843058790626863
10.913365901700018,-2.6299401835597376
10.933911881920393,-2.6755141205683026
10.954573866974457,-2.7210355862352884
10.975333514266497,-2.7665126009224457
10.996172563627825,-2.8119532889990815
11.017072821967322,-2.8573658592462561
11.038016147210651,-2.9027585857604645
11.058984431693712,-2.9481397892456997
11.079959585168655,-2.9935178185744209
11.100923517577943,-3.0389010324968342
11.12185812174959,-3.084297781375668
11.142745256166712,-3.1297163888231019
11.163566727965721,-3.175165133116677
11.184304276320846,-3.2206522282725896
11.20493955637758,-3.2661858046572108
11.225454123904155,-3.3117738890216137
11.245829420838193,-3.357424383848945
11.266046761915286,-3.4031450459113022
11.286087394252551,-3.4489434327282011
11.305939216646548,-3.4948239755422073
11.32560235856411,-3.540785698497023
11.345078265561002,-3.5868270737961372
11.364368411134679,-3.6329465874774702
11.383474295967519,-3.6791427397931149
11.402397447170905,-3.7254140455663958
11.421139417531066,-3.7717590345261636
11.439701784757641,-3.8181762516187789
11.458086150735909,-3.8646642572978824
11.476294140783434,-3.9112216277923033
11.494327402912115,-3.9578469553524687
11.512187607096294,-4.0045388484755522
11.529876444547757,-4.051295932109837
11.547395626998266,-4.0981168478385621
11.564746885990399,-4.1450002540438664
11.581931972177236,-4.1919448260509702
11.598952654631489,-4.2389492562533047
11.61581072016472,-4.2860122542188197
11.632507972657036,-4.3331325467781294
11.649046232397902,-4.38030887809483
11.665427335438329,-4.4275400097185988
11.681653132954992,-4.4748247206214193
11.697725490626592,-4.5221618072176124
11.713646288024288,-4.5695500833724783
11.729417418007531,-4.6169883803733143
11.745040786148067,-4.664475546930456
11.760518310152289,-4.7120104491192132
11.775851919304742,-4.7595919703305203
11.791043553923878,-4.8072190112037738
11.806095164831749,-4.8548904895469862
11.821008712837751,-4.9026053402446248
11.83578616823511,-4.9503625151492097
11.850429510318554,-4.9981609829842126
11.864940726902271,-5.0459997291909575
11.879321813866126,-5.0938777558103441
11.893574774709149,-5.1417940813321836
11.907701620118674,-5.1897477405395618
11.921704367553675,-5.2377377843442554
11.935585040842255,-5.2857632796135992
11.949345669793184,-5.3338233089892384
11.962988289821412,-5.3819169706981596
11.976514941586164,-5.4300433783518738
11.989927670649118,-5.4782016607614485
12.0032285271334,-5.5263909617004394
12.016419565408809,-5.5746104397072367
12.029502843783872,-5.6228592678587477
12.042480424212295,-5.671136633543254
12.055354372012259,-5.7194417382280127
12.068126755598469,-5.7677737972221488
12.080799646226627,-5.8161320394348976
12.093375117750242,-5.8645157071297449
12.105855246389424,-5.9129240556745399
12.118242110511554,-5.9613563532879601
12.130537790423508,-6.009811880782566
12.142744368176388,-6.0582899313092788
12.154863927375585,-6.1067898100759468
12.166898553013235,-6.1553108341091507
12.178850331299753,-6.2038523319676084
12.190721349511515,-6.2524136434765447
12.202513695847239,-6.3009941194542431
12.214229459294424,-6.349593121437751
12.225870729505431,-6.3982100214070456
12.237439596682636,-6.4468442015068135
12.248938151472704,-6.4954950537671685
12.260368484869659,-6.5441619798229604
12.2717326881264,-6.5928443906320418
12.283032852674509,-6.641541706192382
12.294271070051964,-6.6902533552583163
12.305449431838616,-6.7389787750560046
12.316570029598935,-6.7877174109975478
12.327634954832368,-6.8364687163963875
12.33864629893014,-6.8852321521801461
12.349606153139797,-6.9340071866078938
12.360516608531098,-6.9827932949645506
12.371379755978381,-7.0315899593010585
12.382197686138339,-7.0803966681277979
12.392972489438611,-7.129212916131058
12.403706256070713,-7.1780382038845962
12.414401075987982,-7.2268720375610549
12.425059038908435,-7.2757139286432588
12.435682234322124,-7.324563393635465
12.446272751502882,-7.3734199537744489
12.456832679524094,-7.4222831347406153
12.467364107278344,-7.4711524663690394
12.477869123500579,-7.5200274823604349
12.488349816794644,-7.5689077199921675
12.498808275662894,-7.6177927198291568
12.509246588538627,-7.6666820254348789
12.519666843821131,-7.7155751830821737
12.530071129913068,-7.7644717414641971
12.540461535259986,-7.8133712514051599
12.550840148391663,-7.8622732655711722
12.561209057965115,-7.9111773381808757
12.571570352808994,-7.9600830247161349
12.581926121969085,-8.0089898816325125
12.592278454754734,-8.0578974660696829
12.602629440785989,-8.1068053355617593
12.612981170041081,-8.1557130477473532
12.623335732904177,-8.2046201600796316
12.633695220213013,-8.2535262295360017
12.644061723306269,-8.3024308123277493
12.654437334070405,-8.3513334636093326
12.664824144985737,-8.4002337371875324
12.675224249171453,-8.4491311852302484
12.68563974042941,-8.4980253579750968
12.696072713286402,-8.5469158034376544
12.706525263034699,-8.595802067119461
12.716999485770568,-8.6446836917156116
12.727497478430571,-8.6935602168221457
12.738021338825336,-8.7424311786429794
12.748573165670638,-8.7912961096965674
12.759155058615434,-8.8401545385222455
12.769769118266684,-8.8890059893861491
12.780417446210624,-8.9378499819868953
12.791102145030338,-8.9866860311608505
12.801825318319242,-9.0355136465871713
12.812589070690329,-9.0843323324924476
12.823395448062481,-9.1331416005985773
12.834244771877643,-9.1819413406306829
12.845135416257989,-9.2307318759001635
12.856065649851317,-9.2795135576305672
12.86703374010823,-9.3282867417219322
12.87803795336248,-9.3770517885473037
12.889076554908472,-9.4258090627487512
12.90014780907593,-9.4745589330327977
12.91124997930193,-9.523301771965432
12.922381328200368,-9.5720379557667155
12.933540117629041,-9.6207678641048879
12.944724608754427,-9.6694918798902627
12.955933062114321,-9.7182103890687106
12.967163737678414,-9.7669237804148636
12.978414894907027,-9.8156324453250949
12.989684792808044,-9.8643367776102728
13.000971689992223,-9.9130371732882541
13.012273844727034,-9.9617340303763111
13.023589514989091,-10.010427748683263
13.034916958515428,-10.059118729601675
13.046254432853628,-10.107807375899759
13.057600195411046,-10.156494091513332
13.068952503503178,-10.205179281337664
13.080309614401427,-10.253863351019293
13.091669785380237,-10.302546706747819
13.103031273763921,-10.351229755047699
13.114392336973195,-10.399912902570081
13.12575123257157,-10.44859655588464
13.137106218311821,-10.49728112127152
13.148455552182565,-10.545967004513289
13.159797492455109,-10.59465461068682
13.171130297731004,-10.643344343956388
13.182452226989625,-10.69203660736467
13.193761539637006,-10.740731802626078
13.205056495555276,-10.789430329919256
13.216335355153079,-10.838132587679864
13.227596379417186,-10.886838972393683
13.238837829965313,-10.935549878389933
13.25005796910037,-10.984265697634834
13.261255059866187,-11.03298681952546
13.272427366104948,-11.081713630683918
13.283573152516372,-11.130446514751885
13.294690684718836,-11.179185852185483
13.305778229312555,-11.227932020050593
13.316834053944902,-11.276685391818592
13.327856427378057,-11.325446337162568
13.338843619559071,-11.374215221754
13.349793901692491,-11.422992407060114
13.360705546315616,-11.471778250141639
13.371576827376581,-11.520573103451353
13.382406020315329,-11.569377314633254
13.3931914021476,-11.618191226322438
13.403931251552052,-11.667015175945764
13.414623848960593,-11.715849495523333
13.425267476652133,-11.764694511470934
13.435860418849705,-11.813550544403276
13.446400961821197,-11.862417908938394
13.456887393983692,-11.911296913502973
13.467318006011599,-11.960187860138934
13.477691090948582,-12.009091044311088
13.488005478956879,-12.058006642229495
13.498270183846522,-12.106932691512785
13.508503339795755,-12.155865350193473
13.518723390236925,-12.204800748191847
13.528948768600971,-12.253735032988031
13.539197902865507,-12.30266434692015
13.549489220049637,-12.351584804505148
13.559841150492172,-12.400492469764558
13.570272131749325,-12.449383333539638
13.580800611946255,-12.498253290783273
13.591445052414949,-12.547098117821701
13.602223929448844,-12.595913449589789
13.613155734994159,-12.644694756819375
13.624258976116128,-12.69343732326865
13.635552173037343,-12.742136222923847
13.647053855580241,-12.790786297292014
13.65878255781883,-12.83938213280984
13.670756810750168,-12.887918038446621
13.682995132796439,-12.936388023602909
13.695516017937992,-12.984785776383053
13.708337921308864,-13.033104642454372
13.72147924204743,-13.081337604553982
13.734958303247174,-13.129477262901515
13.748793328839049,-13.177515816697674
13.763002417263131,-13.225445046950137
13.777603511808932,-13.273256300891161
13.792614367532181,-13.320940478276045
13.808052514690669,-13.368488019876011
13.823935218683932,-13.415888898501288
13.840279436530412,-13.463132612907975
13.857100503888157,-13.510208642525454
13.874394244691484,-13.557113107345772
13.892141548268006,-13.603847859318256
13.910323014088183,-13.650415440364569
13.928919371534027,-13.696818912343593
13.947911503019219,-13.7430618255352
13.967280462872457,-13.789148187589751
13.987007492232101,-13.835082433176458
14.007074030198474,-13.880869394490336
14.027461721535365,-13.926514272830035
14.048152421145009,-13.972022611266354
14.069128195608888,-14.017400268556555
14.090371322029611,-14.062653394315602
14.111864284420129,-14.10778840547907
14.133589767868878,-14.152811964057845
14.155530650697276,-14.197730956168016
14.177669994806704,-14.242552472292987
14.19999103441325,-14.287283788752752
14.222477163323763,-14.331932350282202
14.245111920926588,-14.376505753679929
14.267878977033584,-14.421011732433447
14.290762115705444,-14.465458142236722
14.313745218179342,-14.509852947307881
14.336812245007089,-14.554204207409917
14.359947217502548,-14.59852006547311
14.383134198588705,-14.642808735714281
14.406357273128158,-14.68707849214494
14.429600527815218,-14.731337657357477
14.452848030704221,-14.775594591476109
14.47608381044614,-14.819857681156508
14.49929247751461,-14.864134992122978
14.522467758743826,-14.908429786773544
14.545610222341963,-14.952741736369788
14.568720610260275,-14.997070423174595
14.591799673767891,-15.041415426684326
14.614848173101803,-15.085776323791338
14.637866877107614,-15.130152688947975
14.660856562871432,-15.174544094331837
14.683818015343483,-15.218950110012232
14.706752026953827,-15.263370304117565
14.72965939722074,-15.307804243003396
14.752540932352343,-15.352251491421292
14.775397444841898,-15.396711612687959
14.798229753057438,-15.441184168854644
14.821038680826133,-15.485668720876506
14.843825057013934,-15.530164828781542
14.866589715102158,-15.574672051841091
14.889333492758784,-15.61918994873624
14.912057231410781,-15.663718077731218
14.934761775802636,-15.708255996823244
14.957447973574862,-15.752803263933918
14.980116674817831,-15.7973594370531
15.002768731646608,-15.841924074423673
15.025404997752243,-15.886496734678378
15.048026327975357,-15.93107697701743
15.07063357787017,-15.975664361363105
15.09322760327262,-16.020258448516842
15.115809259870854,-16.064858800314219
15.138379402778749,-16.109464979777862
15.16093888611293,-16.154076551268037
15.183488600697698,-16.198693061365923
15.206029872296037,-16.243313837677785
15.228564299100805,-16.287938071169943
15.251093475617999,-16.332564955593305
15.273618989564252,-16.377193688837885
15.296142423320342,-16.421823471961446
15.318665355391516,-16.466453508271474
15.341189361832976,-16.511083002367798
15.363716017689429,-16.555711159232864
15.386246898403956,-16.600337183271126
15.408783581262158,-16.644960277418498
15.431327646805673,-16.689579642181585
15.453880680272368,-16.734194474710247
15.476444273039991,-16.778803967847903
15.499020024084704,-16.823407309171898
15.521609541457034,-16.868003680018933
15.544214443779124,-16.912592254492733
15.566836361767056,-16.957172198450685
15.589476939782227,-17.001742668466278
15.612137837415853,-17.046302810763859
15.634820731110985,-17.090851760122451
15.657527315826263,-17.135388638744487
15.680259306746306,-17.179912555086023
15.703018441043373,-17.224422602643841
15.725806479695663,-17.268917858695399
15.748625209367475,-17.313397382986661
15.771476444357161,-17.35786021636304
15.794362028618785,-17.402305379337786
15.817283837864123,-17.446731870592316
15.840243781752058,-17.491138665402442
15.863242542238808,-17.535525369364951
15.886265652568824,-17.579899449457859
15.909288472624313,-17.624273680137968
15.932286026062757,-17.668661009343687
15.955233321755442,-17.713074338581777
15.978105501947356,-17.757526393381916
16.000877989826776,-17.80202959651557
16.023526634480596,-17.846595946738226
16.046027851226345,-17.891236905642032
16.068358755370536,-17.935963294941306
16.09049728754615,-17.980785206166406
16.112422328932325,-18.025711924331631
16.134113804852923,-18.070751866686795
16.155552775486338,-18.115912537185149
16.176721512688893,-18.161200496821557
16.197603562231656,-18.206621349538555
16.2181761396788,-18.252183178572128
16.238358039223172,-18.297919310988188
16.258040122537455,-18.343872633207837
16.277111166715923,-18.390082744526818
16.295456148463622,-18.436585699997778
16.312954528794631,-18.483413584954864
16.329478683007093,-18.53059380972859
16.344892495521151,-18.578148078206198
16.359050180883127,-18.626090978770332
16.371795442667768,-18.674428148186752
16.382961142536704,-18.723153974301852
16.392369720189112,-18.77224884058948
16.399834672679805,-18.821675985333965
16.4051634493756,-18.871378160727311
16.408163510525469,-18.921274379192283
16.408694292173589,-18.971257522500618
16.406662267883252,-19.02120170923007
16.401947545739475,-19.070963710616006
16.394398016509374,-19.120374229065217
16.383828844174477,-19.169226706902652
16.37002403445732,-19.217263521107775
16.35274229447176,-19.264159520314987
16.331730613399227,-19.309504052006371
16.306750139266374,-19.352785137351127
16.277618737245255,-19.393383700976067
16.244270532652425,-19.430590821005637
16.206853033263787,-19.463700291137229
16.165995745146972,-19.492466708255012
16.122500596564439,-19.51707419493593
16.077054823564787,-19.537870608123924
16.030200167673264,-19.55527184997209
15.982343280476554,-19.569698999095699
15.933781086514799,-19.581545020926754
15.884727307216888,-19.59116163609615
15.835334737308239,-19.598857495386032
15.785712246291993,-19.604901781146591
15.73593716369775,-19.609529952236912
15.686064102636296,-19.61295002915687
15.636131188514915,-19.615348753550855
15.58616360536397,-19.616866143307742
15.536177491202864,-19.617539109629259
15.486187050285315,-19.617387086402928
15.436205488721926,-19.616431201026536
15.386244946208931,-19.614694131212136
15.336316443529904,-19.61219995701563
15.286429845600059,-19.608974011127756
15.236593839448251,-19.605042730233606
15.18681592622881,-19.600433509951916
15.137102426120798,-19.59517456552468
15.087458494806121,-19.589294800060539
15.037888150120049,-19.582823681763308
14.988394307427997,-19.575791131212604
14.93897882229736,-19.568227419421881
14.889642539089309,-19.560163077087598
14.840385344186844,-19.551628815168566
14.79120622269053,-19.542655456699258
14.742103317544624,-19.533273879545924
14.693073990196769,-19.523514969657725
14.644114882036744,-19.513409584244734
14.595221976000509,-19.502988524226033
14.546390657859218,-19.492282515230364
14.497615776838806,-19.481322196393933
14.448891705329594,-19.470138116180824
14.400212397548925,-19.458760734446344
14.351571447111683,-19.447220429969086
14.302962143529415,-19.435547512686007
14.25437752777693,-19.423772239891978
14.205810447007742,-19.411924835654357
14.157253608704426,-19.400035512745387
14.108700941386232,-19.388129166111295
14.060152581842718,-19.376205267656069
14.011610534001196,-19.364255701838697
13.963076818269547,-19.352272341686813
13.914553475458829,-19.340247050618473
13.866042571034413,-19.328171683030014
13.817546199375183,-19.316038084962116
13.76906648803773,-19.303838094859252
13.720605602022033,-19.291563544437867
13.67216574803488,-19.279206259678862
13.623749178746399,-19.266758061959671
13.575358197034886,-19.254210769341949
13.526995160214232,-19.241556198030302
13.478662484237621,-19.22878616401789
13.430362647870291,-19.215892484934599
13.382098196824009,-19.202866982113573
13.333871747842654,-19.189701482891056
13.285685992731954,-19.176387823155746
13.237543702320224,-19.162917850161865
13.189447730339298,-19.149283425621032
13.141401017212601,-19.135476429086982
13.093406593736329,-19.121488761646681
13.045467584638562,-19.107312349930883
12.99758721199991,-19.092939150455951
12.949768798518207,-19.078361154308052
12.902015770598489,-19.063570392179599
12.854331661248423,-19.048558939766426
12.806720112758105,-19.033318923532661
12.75918487914225,-19.017842526848611
12.711729828125801,-19.002121997090647
12.664358050165784,-18.986152289988631
12.617069730179171,-18.969937114489504
12.569864372325375,-18.95348197726274
12.522741395230101,-18.93679238156848
12.47570013438488,-18.919873824535415
12.428739844569971,-18.902731794628949
12.381859702292711,-18.885371769306914
12.33505880823409,-18.867799212859296
12.288336189696581,-18.850019574428117
12.241690803047186,-18.832038286203343
12.195121536149594,-18.813860761790188
12.148627210780434,-18.795492394743103
12.102206585024591,-18.776938557261261
12.055858355645464,-18.758204599040553
12.009581160426057,-18.739295846276477
11.963373580477711,-18.720217600812703
11.917234142513681,-18.700975139429811
11.87116132107961,-18.681573713266339
11.825153540764576,-18.662018547377585
11.779209178327378,-18.642314840399703
11.733326564828456,-18.622467764352418
11.687503987684478,-18.602482464540355
11.641739692688533,-18.582364059566032
11.596031885982887,-18.562117641443916
11.550378735985175,-18.541748275811027
11.504778375268097,-18.521261002228712
11.459228902392937,-18.50066083457099
11.413728383697167,-18.479952761494385
11.368274855036992,-18.459141746984642
11.322866323485407,-18.438232730975763
11.277500768986993,-18.417230630036947
11.232176145970456,-18.396140338123065
11.186890384920286,-18.374966727384713
11.141641393908898,-18.35371464903362
11.096427060090869,-18.332388934259715
11.051245251160941,-18.310994395196062
11.006093816777371,-18.289535825927995
10.960970589952812,-18.268018003543137
10.915873388414289,-18.246445689218749
10.870800015935616,-18.224823629343867
10.825748263638506,-18.203156556670212
10.780715911271786,-18.181449191492391
10.735700728485194,-18.159706242861379
10.690700476040867,-18.137932409799827
10.645712907049942,-18.116132382557552
10.600735768172022,-18.094310843873373
10.555766800805523,-18.072472470252968
10.510803742267017,-18.050621933258185
10.465844326961767,-18.028763900805142
10.420886287547965,-18.006903038468618
10.375927356096925,-17.985044010790226
10.330965265251637,-17.963191482587852
10.285997749386114,-17.941350120263948
10.241022545767823,-17.919524593110047
10.196037395725524,-17.897719574605123
10.151040045825033,-17.875939743705214
10.106028249055042,-17.854189786121747
10.060999766025468,-17.832474395586008
10.015952366180612,-17.810798275097095
9.9708838299691021,-17.789166136190072
9.9257925052545097,-17.767581539614397
9.8806782405328608,-17.746044931398984
9.8355411330088227,-17.724556239021027
9.7903812798018173,-17.703115389340404
9.745198777943175,-17.681722308602566
9.6999937243733427,-17.660376922441447
9.6547662159390342,-17.639079155882399
9.60951634939053,-17.617828933345155
9.5642442213788463,-17.596626178646801
9.518949928453095,-17.575470815004788
9.4736335670576857,-17.55436276503994
9.4282952335297328,-17.533301950779492
9.3829350240962714,-17.512288293660117
9.3375530348717604,-17.49132171453105
9.2921493618553352,-17.470402133657121
9.2467241009282777,-17.449529470721913
9.2012773478514216,-17.428703644830811
9.1558091982625864,-17.407924574514233
9.1103197476740956,-17.3871921777307
9.0648090914701882,-17.36650637187007
9.0192773249046212,-17.345867073756672
8.9737245430981165,-17.32527419965254
8.9281508410360306,-17.304727665260621
8.8825563135658125,-17.284227385727991
8.8369410553947301,-17.263773275649093
8.7913051610874042,-17.243365249069029
8.7456487250635355,-17.223003219486795
8.6999718415955254,-17.202687099858569
8.6542746048062078,-17.182416802601001
8.608557108666588,-17.162192239594546
8.5628194469935277,-17.142013322186735
8.5170617134475961,-17.121879961195553
8.4712840015308029,-17.101792066912733
8.4254864045844489,-17.081749549107144
8.3796690157869733,-17.061752317028134
8.3338319281517848,-17.041800279408886
8.2879752345252058,-17.021893344469824
8.242099027584338,-17.002031419921995
8.1962033998350314,-16.982214412970443
8.1502884436098526,-16.962442230317659
8.1043542510660167,-16.942714778166948
8.0584009141835011,-16.923031962225878
8.0124285247629849,-16.903393687709713
7.9664371744239428,-16.883799859344816
7.9204269546027612,-16.864250381372145
7.8743979565507995,-16.844745157550648
7.8283502713325488,-16.825284091160764
7.7822839898237826,-16.805867085007851
7.7361992027097459,-16.786494041425662
7.6900960004833374,-16.767164862279824
7.6439744734433948,-16.747879448971322
7.5978347116928724,-16.728637702439947
7.5516768051371921,-16.709439523167816
7.5055008434824879,-16.690284811182849
7.4593069162339889,-16.671173466062243
7.413095112694319,-16.652105386935997
7.3668655219619064,-16.633080472490391
7.3206182329293963,-16.6140986209715
7.2743533342820816,-16.595159730188708
7.228070914496155,-16.576263697518108
7.1817710618375443,-16.557410419906194
7.1354538643601479,-16.538599793873228
7.089119409904419,-16.519831715516791
7.0427677860959257,-16.501106080515299
6.9963990803439078,-16.482422784131494
6.9500133798398682,-16.463781721215977
6.9036107715561918,-16.445182786210705
6.8571913422448176,-16.426625873152492
6.8107551784358105,-16.408110875676535
6.764302366436195,-16.389637687019921
6.7178329923285212,-16.37120620002511
6.671347141969691,-16.35281630714347
6.6248449009896948,-16.33446790043876
6.5783263547903852,-16.316160871590643
6.5317915885442863,-16.297895111898175
6.4852406871934258,-16.279670512283307
6.4386737354481935,-16.261486963294367
6.3920908177861948,-16.243344355109571
6.3454920184511945,-16.225242577540484
6.2988774214519649,-16.20718152003553
6.252247110561334,-16.18916107168344
6.2056011693150239,-16.171181121216744
6.1589396810107884,-16.15324155701526
6.1122627287072966,-16.135342267109518
6.0655703952232454,-16.117483139184241
6.0188627631363882,-16.099664060581809
5.9721399147826233,-16.081884918305704
5.9254019322551112,-16.064145599023938
5.8786488974033659,-16.046445989072517
5.8318808918324372,-16.028785974458856
5.7850979969020448,-16.011165440865195
5.7383002937258265,-15.993584273652074
5.6914878631704822,-15.976042357861655
5.6446607858550628,-15.958539578221217
5.5978191421501897,-15.941075819146489
5.5509630121773679,-15.923650964745095
5.5040924758082612,-15.906264898819895
5.4572076126640265,-15.888917504872373
5.4103085021146233,-15.871608666106022
5.3633952232782232,-15.854338265429682
5.3164678550205995,-15.837106185460915
5.2695264759544465,-15.819912308529315
5.2225711644389081,-15.802756516679867
5.1756019985789701,-15.785638691676283
5.1286190562249452,-15.768558715004289
5.0816224149719194,-15.75151646787493
5.0346121521593332,-15.734511831227916
4.9875883448704403,-15.717544685734843
4.940551069931896,-15.700614911802536
4.8935004039133023,-15.68372238957625
4.8464364231267982,-15.666866998942998
4.7993592036266675,-15.65004861953474
4.7522688212089879,-15.633267130731653
4.7051653514112308,-15.616522411665358
4.6580488695119593,-15.599814341222107
4.6109194505305071,-15.583142798046021
4.5637771692266567,-15.566507660542271
4.5166221006171643,-15.549908805410576
4.4694543826505075,-15.533345929066494
4.4222742753626552,-15.516818377162817
4.3750820510781017,-15.500325455430913
4.3278779801825547,-15.483866470179134
4.280662331170511,-15.467440728267194
4.2334353706929253,-15.451047537080282
4.1861973636045047,-15.43468620450261
4.1389485730109863,-15.418356038890622
4.0916892603160884,-15.402056349045736
4.0444196852684655,-15.385786444186715
3.9971401060083638,-15.369545633921589
3.9498507791141839,-15.35333322821921
3.9025519596489744,-15.337148537380431
3.8552439012066215,-15.320990872008847
3.8079268559581259,-15.304859542981267
3.7606010746975311,-15.288753861417648
3.7132668068879839,-15.272673138650864
3.6659243007074354,-15.256616686195962
3.618573803094479,-15.240583815719125
3.5712155597938948,-15.224573839006304
3.5238498154022904,-15.208586067931478
3.4764768134135622,-15.192619814424614
3.4290967962643184,-15.176674390439231
3.3817100053792184,-15.160749107919731
3.3343166812163418,-15.144843278768302
3.2869170633124463,-15.128956214811614
3.2395113903281927,-15.113087227767114
3.1920999000934471,-15.097235629209065
3.144682829647846,-15.081400730532726
3.0972604153058043,-15.065581842926383
3.0498328926675695,-15.049778277325036
3.0024004966938689,-15.033989344385082
2.9549634617385667,-15.018214354444632
2.9075220215960824,-15.002452617488476
2.8600764095467315,-14.986703443112072
2.8126268584021012,-14.970966140485219
2.7651736005504892,-14.9552400183155
2.7177168680024351,-14.939524384811401
2.6702568924363117,-14.923818547645219
2.6227939052439853,-14.908121813915646
2.5753281375766499,-14.892433490110138
2.5278598203907197,-14.876752882066988
2.4803891844938466,-14.861079294937181
2.4329164605910751,-14.845412033145944
2.3854418793311969,-14.829750400354095
2.3379656713531274,-14.8140936994191
2.2904880673326335,-14.798441232355923
2.2430092980290586,-14.782792300297606
2.1955295943323696,-14.76714620345561
2.1480491873103253,-14.75150224107994
2.1005683082562872,-14.735859711419121
2.0530871887361366,-14.720217911679644
2.005606060635797,-14.704576137985221
1.958125156206064,-14.688933685334938
1.9106447081283378,-14.673289847567879
1.8631649495364473,-14.657643917313059
1.8156861140833835,-14.641995185953817
1.7682084359861752,-14.626342943584664
1.7207321500752988,-14.610686478969342
1.6732575150207001,-14.595025009257247
1.6257866265617835,-14.579352188015845
1.5783247264224565,-14.563652171200063
1.5308773836890808,-14.547908219208567
1.4834501928913961,-14.532103671025396
1.4360487781328732,-14.516221989335108
1.3886787966482301,-14.500246805288462
1.3413459416507063,-14.484161962715582
1.2940559443270871,-14.467951561574305
1.2468145748537971,-14.45160000041839
1.1996276423242824,-14.435092017667944
1.1525009934962056,-14.418412731462865
1.1054405102879854,-14.401547677880449
1.0584521059763263,-14.384482847300523
1.0115417200702301,-14.367204718706212
0.96471531186154968,-14.349700291715676
0.91797908041944409,-14.331956520392422
0.87135945534623571,-14.313908820089555
0.82492048530083861,-14.295401624470882
0.77873525876573269,-14.276270531604048
0.73288508891498816,-14.256350462276654
0.68746234981822107,-14.235474918996658
0.64257339948964709,-14.213475965962601
0.59834152098175641,-14.19018515331117
0.55490969952560765,-14.165435662771147
0.51244289881672156,-14.139065976839982
0.47112930730360214,-14.110925331163429
0.43117982639896379,-14.080881047046494
0.39282494033966481,-14.048827505104235
0.35630816459001502,-14.014695995968328
0.32187286305072066,-13.978466582221658
0.28966360667130037,-13.940243970217608
0.25971200604633077,-13.900227053292241
0.23204672729017445,-13.858596321942613
0.20670462266232845,-13.815511713816598
0.18373453396685779,-13.771117022623486
0.16320051471188887,-13.725544407543069
0.1451846955645022,-13.678919066426896
0.12978991810128931,-13.631364231078878
0.11714214532776183,-13.583006713601272
0.10739250584078724,-13.533983283025165
0.10071861585273678,-13.484448169391628
0.097324519949154614,-13.43458194228756
0.09743817762025743,-13.384601820566202
0.10130492291397761,-13.334773020694081
0.10916370783224449,-13.285417755901857
0.12100296952827082,-13.236862174077782
0.13652734455553464,-13.189354490976598
0.15537106553708652,-13.143060994321454
0.17714344239874349,-13.098068571275732
0.20145880931528437,-13.054396163296618
0.22795587319169913,-13.01201032507983
0.2563075293240577,-12.970840555109236
0.28622371961577886,-12.930792106419688
0.3174499527843434,-12.891755580588102
0.34976350600437639,-12.853613504355092
0.3829686262899662,-12.816244441563484
0.41689147913645791,-12.779525236459447
0.4513780659400673,-12.743334654178733
0.48634989190206956,-12.707612717813006
0.52179489001710311,-12.672360229516224
0.55770381080297771,-12.637580412159897
0.59406748203688264,-12.603276328480112
0.63087681475453161,-12.569450891115947
0.66812280851852723,-12.536106872594663
0.70579655598447733,-12.503246915230967
0.74388924679406387,-12.470873540911882
0.78239217082488954,-12.438989160742006
0.82129672082776772,-12.40759608452678
0.86059439448155417,-12.376696530074957
0.90027679589585796,-12.346292632303985
0.94033563659141539,-12.316386452134644
0.9807627359872414,-12.286979985163821
1.0215500214228668,-12.258075170106538
1.062689527743228,-12.229673897000097
1.1041733964763449,-12.201778015162837
1.1459938746053671,-12.174389340919689
1.1881433130188908,-12.147509665052388
1.2306141645818967,-12.121140760027624
1.273398981908217,-12.095284386963097
1.3164904148344854,-12.06994230234667
1.3598812076131683,-12.045116264511051
1.403564195845374,-12.020808039864686
1.4475323031688896,-11.997019408882174
1.4917785377184065,-11.973752171856802
1.5362959883590714,-11.951008154425164
1.5810778207391945,-11.928789212850335
1.6261172731286224,-11.90709723909095
1.6714076520816563,-11.885934165644443
1.7169423279328091,-11.865301970168961
1.7627147301228239,-11.84520267989261
1.8087183423686304,-11.825638375809538
1.8549466976820925,-11.806611196666298
1.9013933732430999,-11.788123342740489
1.9480519851318643,-11.770177079413052
1.994916182924023,-11.752774740535482
2.0419796441523848,-11.735918731591868
2.0892360686376192,-11.719611532655611
2.1366791726905152,-11.703855701139418
2.1843026831873269,-11.688653874336602
2.2321003315200869,-11.674008771750737
2.280065847422525,-11.65992319720981
2.3281929526732545,-11.646400040759996
2.3764753546764834,-11.633442280333247
2.4249067399216981,-11.621052983181658
2.4734807673227119,-11.60923530707065
2.5221910614377006,-11.597992501221656
2.5710312055712148,-11.587327906993925
2.6199947347601498,-11.577244958293813
2.6690751286459533,-11.567747181698513
2.7182658042358172,-11.558838196280162
2.7675601085566801,-11.5505217131146
2.8169513112065028,-11.542801534457995
2.8664325968084201,-11.535681552573037
2.9159970573746419,-11.529165748185079
2.9656376845882604,-11.523258188547331
3.0153473620120801,-11.517963025092813
3.0651188572397237,-11.513284490649212
3.1149448082318929,-11.509226820695865
3.1648174692440874,-11.505790513725486
3.2147287724982054,-11.502970412285103
3.2646708241330389,-11.500760592730915
3.3146359514238024,-11.499154805474452
3.3646167127017343,-11.498146496943038
3.4146059058916145,-11.497728831695635
3.4645965756871626,-11.497894714550071
3.5145820194031261,-11.498636812586797
3.5645557915506747,-11.499947576904562
3.614511707191248,-11.501819264014594
3.6644438441305636,-11.50424395677109
3.7143465440197114,-11.507213584747639
3.7642144124345926,-11.510719943980634
3.8140423180076106,-11.514754716012281
3.8638253906872593,-11.519309486176796
3.9135590192023488,-11.524375761084285
3.9632388478066032,-11.529944985266498
4.0128607723792999,-11.536008556958583
4.0624209359551733,-11.542557842999305
4.1119157237545894,-11.549584192840511
4.161341757782667,-11.557078951663787
4.2106958910620413,-11.565033472608739
4.2599752015611063,-11.573439128123153
4.3091769858753661,-11.582287320450227
4.3582987527160659,-11.59156949127251
4.4073382162557948,-11.601277130535602
4.4562932893773581,-11.611401784477872
4.5051620768677685,-11.621935062894797
4.553942868595815,-11.632868645668362
4.6026341327074061,-11.644194288593287
4.6512345088698712,-11.655903828533004
4.6997428015924338,-11.667989187938534
4.7481579736472304,-11.680442378763859
4.7964791396118862,-11.693255505811056
4.8447055595520929,-11.706420769538221
4.8928366328597326,-11.719930468362476
4.9408718922597883,-11.733777000489621
4.9888109979971142,-11.747952865300981
5.0366537322117368,-11.762450664326799
5.0843999935101678,-11.777263101834611
5.1320497917377859,-11.79238298505936
5.1796032429564942,-11.807803224101004
5.227060564630027,-11.823516831513745
5.2744220710186474,-11.839516921609793
5.3216881687833872,-11.855796709498998
5.3688593527995518,-11.872349509884392
5.4159362021782886,-11.889168735632181
5.4629193764949182,-11.906247896133642
5.5098096122166602,-11.923580595472917
5.5566077193426464,-11.941160530420898
5.6033145782264349,-11.95898148825867
5.649931136604339,-11.977037344452283
5.6964584068099775,-11.995322060183561
5.742897463176317,-12.013829679748373
5.7892494396210612,-12.032554327830493
5.8355155274103634,-12.051490206657812
5.8816969731039634,-12.070631593049734
5.9277950766527203,-12.089972835350348
5.9738111896983632,-12.109508350273455
6.0197467125435038,-12.129232623019924
6.0656030819402025,-12.149140228709685
6.1113818018996398,-12.169225754805579
6.1570844647619705,-12.189483749399306
6.2027127490354976,-12.209908723976334
6.2482684166849305,-12.230495157082602
6.2937533103092891,-12.251237497880798
6.3391693502187874,-12.272130169592073
6.3845185314203672,-12.293167572820282
6.4298029205209284,-12.314344088756366
6.4750246525574537,-12.335654082261311
6.5201859277626442,-12.357091904826957
6.5652890082747994,-12.378651897414571
6.6103362147998999,-12.40032839317168
6.6553299232342313,-12.422115720028588
6.7002725612543959,-12.44400820317599
6.7451666048827379,-12.466000167426454
6.7900145750340064,-12.488085939462012
6.8348190340506827,-12.510259849971664
6.8795825822325511,-12.532516235682145
6.9243078543663898,-12.554849441286056
6.9689975162612114,-12.577253821271739
7.0136542612939126,-12.59972374165938
7.05828080697035,-12.622253581648415
7.1028798915058919,-12.644837735181056
7.1474542704297814,-12.667470612427287
7.1920067132168475,-12.690146641196614
7.2365399999503621,-12.712860268282004
7.2810569180189475,-12.735605960741443
7.3255602588508193,-12.758378207122647
7.3700535387143038,-12.781170105652746
7.4145478714309867,-12.803959948415969
7.4590588656687595,-12.826717227682353
7.5036020907298777,-12.849411347259089
7.548192975513329,-12.872011664840901
7.5928467675675186,-12.89448741658698
7.637578490108897,-12.916807644199736
7.6824028962311628,-12.938941125071945
7.7273344195647322,-12.960856306148317
7.7723871206398165,-12.982521242223934
7.8175746283350191,-13.00390353955769
7.8629100757451864,-13.024970305758282
7.9084060299523928,-13.045688107082553
7.9540744152462608,-13.06602293442468
7.9999264294728354,-13.085940179440009
8.0459724533497408,-13.105404622407983
8.092221952783575,-13.12438043359005
8.1386833744697604,-13.142831189970249
8.1853640353476713,-13.160719909364261
8.2322700068305874,-13.178009103931959
8.2794059951078314,-13.194660855102626
8.3267752193191171,-13.210636911835323
8.3743792897577727,-13.225898813874075
8.422218088912242,-13.240408041362208
8.4702896585315983,-13.254126191635773
8.5185900964298646,-13.26701518337471
8.5671134671258731,-13.279037487453124
8.6158517306933575,-13.290156382836297
8.6647946943625875,-13.300336234751267
8.7139299912585972,-13.309542791111062
8.7632427298215525,-13.317745746696668
8.8127136878496035,-13.32493315078562
8.8623221835980122,-13.331100090174335
8.9120475426993373,-13.336240311042388
8.9618689612919145,-13.340346205061907
9.0117653637468145,-13.343408840772371
9.0617152615742995,-13.345417997355975
9.1116966126203813,-13.346362202005897
9.1616866798399244,-13.346228772258881
9.2116618891458852,-13.345003864854901
9.261597686074218,-13.342672532887393
9.3114683912792753,-13.33921879321457
9.3612470551965927,-13.334625706310616
9.4109053125862463,-13.328875470937032
9.4604132381109416,-13.321949536196623
9.50973920461524,-13.313828733679211
9.5588497463607744,-13.304493432497955
9.6077094301388826,-13.293923720019821
9.6562807379201079,-13.282099610981394
9.7045239654970796,-13.269001287411742
9.7523971424069149,-13.25460937131508
9.7998559792428424,-13.238905231351842
9.8468538492233932,-13.221871323754041
9.8933418115072769,-13.203491566383629
9.9392686841248263,-13.183751743171083
9.9845811744313835,-13.162639934159747
10.029224074549765,-13.140146964071574
10.073140528235298,-13.116266859787839
10.116272373859246,-13.090997304548848
10.158560599113265,-13.064340125482646
10.19995460490347,-13.036314440123087
10.240425500579743,-13.006971338026148
10.279949928877084,-12.976365155417039
10.318506931753525,-12.944548749710464
10.356077583603081,-12.911573319117338
10.392644637594149,-12.877488283180314
10.428192189418883,-12.842341216117557
10.462705361105993,-12.806177825280324
10.496170006255969,-12.76904196768173
10.528572437064289,-12.730975698344015
10.559899172773708,-12.692019345059899
10.590136708701335,-12.652211605017376
10.619271304683634,-12.611589659557096
10.647288791636971,-12.570189304094107
10.674174394909768,-12.528045090934359
10.699912573198599,-12.485190483316508
10.724486871942027,-12.44165801959242
10.747879790391059,-12.397479486852175
10.770072661796059,-12.352686103788173
10.791045546564769,-12.307308712815274
10.810777138615759,-12.261377981780999
10.829244685636366,-12.214924615739134
10.846423924469306,-12.167979579362353
10.862289033431791,-12.120574330569633
10.876812604007185,-12.072741065842827
10.889965635041332,-12.024512977481557
10.901717553316118,-11.975924522672624
10.912036265145275,-11.927011703703702
10.920888244417343,-11.877812357894149
10.928241661969176,-11.828366868554605
10.934104996400572,-11.778722521621182
10.938520085811721,-11.728928355314325
10.941534935938716,-11.679029705791811
10.943202121949696,-11.629067743272635
10.94357780359414,-11.579079258264429
10.942720793715775,-11.52909658552888
10.940691706411071,-11.479147644915138
10.937552201898717,-11.429256076106251
10.933364336916851,-11.379441444370961
10.928190022649437,-11.329719496014089
10.922090586976145,-11.280102444801543
10.915126434199607,-11.230599273705339
10.907356793148184,-11.181216039484315
10.89883954343237,-11.131956170622404
10.889631109380366,-11.082820751825935
10.879786411543778,-11.033808790555524
10.869358866433947,-10.984917462924214
10.858400426151455,-10.936142337747521
10.846961650678487,-10.887477578636625
10.835091806724121,-10.838916124829774
10.822838988089297,-10.790449852032792
10.810250253504725,-10.74206971489347
10.797371778801118,-10.693765873033577
10.784249021040388,-10.64552780264113
10.770926892930811,-10.597344395766468
10.757449946423417,-10.549204049489985
10.743862564877007,-10.501094747176872
10.730209163582648,-10.453004134082509
10.716534398762045,-10.40491958964218
10.702880238287415,-10.356829191410434
10.689263541653787,-10.308728172287541
10.675688848761125,-10.260615282677431
10.662160652898983,-10.212489298915624
10.648683478027593,-10.164349002776868
10.635261872850547,-10.116193184603231
10.621900404679018,-10.068020646486245
10.608603653101174,-10.019830205474941
10.5953762034761,-9.9716206967949965
10.582222640272828,-9.9233909770615387
10.569147540276505,-9.8751399274678153
10.556155465685446,-9.8268664569315849
10.543250957124025,-9.7785695051807817
10.530438526597756,-9.7302480457602023
10.517722650417968,-9.6819010889410464
10.505107762124284,-9.6335276845155562
10.492598245434062,-9.5851269244594874
10.480198427248203,-9.5366979454460541
10.467912570743186,-9.4882399311953307
10.455744868579748,-9.4397521146475718
10.443699436254725,-9.3912337799338772
10.431780305633977,-9.3426842641677457
10.419991418680985,-9.2941029589911128
10.408336621422421,-9.2454893119209629
10.396819658169022,-9.1968428274574094
10.385444166019381,-9.1481630679583663
10.374213669669434,-9.0994496542750554
10.36313157655173,-9.0507022661579697
10.352201172315308,-9.0019206423958664
10.34142561667999,-8.9531045807620693
10.33080131317557,-8.9042553726745659
10.320289040085042,-8.8553819231635948
10.309838119975108,-8.8064953118960663
10.299398361360197,-8.7576063148728718
10.288919936517065,-8.7087255940525026
10.278353252993563,-8.6598638841786002
10.267648829927715,-8.6110321769808191
10.256757181476884,-8.5622419047059299
10.245628709757533,-8.5135051247586482
10.234213609904304,-8.4648347070039343
10.222461790163784,-8.4162445249923703
10.210322810333968,-8.3677496520021233
10.197745842331765,-8.3193665623254418
10.18467965719827,-8.2711133376378001
10.171072643408484,-8.2230098775507212
10.156872861898487,-8.1750781125361502
10.142028143704362,-8.1273422162973272
10.126486236450047,-8.0798288133340019
10.110195006029235,-8.0325671759041359
10.093102699582916,-7.9855894028448136
10.075158275139101,-7.9389305708341684
10.056311801905037,-7.8926288467595702
10.036514933024865,-7.8467255480414222
10.015721449552665,-7.8012651363677019
9.9938878702658425,-7.7562951293526714
9.9709741169783648,-7.7118659149394917
9.946944219154922,-7.6680304547382034
9.9217670354255461,-7.6248438657130304
9.8954169635094154,-7.5823628746662415
9.8678746083727926,-7.5406451445456089
9.8391382055299239,-7.4997407592772714
9.8092443403986582,-7.4596744147663774
9.7782344605095446,-7.4204653954037916
9.7461473418492126,-7.382132894977131
9.7130192779825038,-7.3446963042179254
9.6788842779384066,-7.308175472270305
9.6437742704572482,-7.272590945750375
9.6077193132938312,-7.2379641886922537
9.570747807121899,-7.2043177861730197
9.5328867143133316,-7.1716756338977881
9.4941617834657617,-7.1400631154693102
9.4545977810003627,-7.1095072684282163
9.4142187316298216,-7.0800369395613512
9.3730481697131474,-7.0516829291724816
9.3311094038288722,-7.0244781232784463
9.2884257970014357,-6.9984576117647759
9.2450210650611933,-6.9736587895359978
9.2009195955098502,-6.9501214365569997
9.1561467889751089,-6.9278877714089289
9.1107294248125807,-6.9070024715763028
9.0646960515816328,-6.8875126521620915
9.0180774019057921,-6.869467793140533
8.9709068295387642,-6.8529196036846267
8.9232207642086294,-6.8379218106762405
8.8750591769309555,-6.8245298574090896
8.8264660449306689,-6.8128004979856938
8.7774898011143687,-6.8027912733157718
8.7281839448391008,-6.7945585672467326
8.6786117854336737,-6.788120038520904
8.6288421664459065,-6.7834454787908109
8.5789404889045784,-6.7804954453106108
8.5289677040765053,-6.7792246229663746
8.4789799053080142,-6.779583005400954
8.429028107248735,-6.7815170384491825
8.3791581888922657,-6.784970687647772
8.3294109724295531,-6.7898864034448723
8.2798224086355265,-6.7962059687397112
8.2304238406579024,-6.803871222746066
8.1812423208506129,-6.8128246625293141
8.1323009589750104,-6.8230099288808415
8.083619284100795,-6.8343721866518354
8.0352136064604291,-6.8468584115759654
7.9870973690802662,-6.8604175963143028
7.9392814820879911,-6.8750008882892342
7.8917746351342304,-6.890561671127748
7.8445835853738695,-6.9070556004441972
7.7977134199882494,-6.9244406034347907
7.751167793352332,-6.9426768504595344
7.7049491397395666,-6.9617267055351562
7.6590588629789504,-6.981554661506709
7.6134975047951921,-7.0021272646331436
7.5682648937277399,-7.0234130324234361
7.5233602765801226,-7.0453823677936818
7.4787824343322873,-7.068007471974374
7.4345297843816889,-7.0912622580697162
7.3906004708850688,-7.1151222667439136
7.3469924448658768,-7.1395645851713043
7.3037022912962648,-7.1645656337546928
7.2607178474949521,-7.1900887979537274
7.218021803856904,-7.2160916145783807
7.1755948085371424,-7.2425312198106155
7.1334156381516527,-7.2693644825874628
7.0914613660010311,-7.2965480966802456
7.0497075334490624,-7.3240386470080354
7.0081283224014328,-7.3517926517324019
6.9666967274605307,-7.3797665821642582
6.9253847269386846,-7.4079168628878351
6.8841634524707986,-7.4361998547926529
6.8430033574645632,-7.4645718239217329
6.8018743850484213,-7.4929888992166021
6.7607461365202255,-7.521407022382431
6.7195880415354532,-7.5497818932408851
6.6783695314869842,-7.578068914033004
6.6370617832497167,-7.6062254385773436
6.5956443684311612,-7.6342203779104754
6.5540998237740267,-7.6620262847595457
6.5124111364573229,-7.6896155869624856
6.4705618366083248,-7.7169606192015152
6.4285360914799163,-7.7440336633628393
6.3863187992912103,-7.7708069963752751
6.3438956819233807,-7.7972529459937308
6.3012533754810027,-7.8233439548660977
6.258379517610444,-7.8490526530270133
6.2152628303481103,-7.8743519387462921
6.1718931971761819,-7.89921506741742
6.1282617329066715,-7.9236157479033507
6.0843608457766125,-7.9475282470100153
6.0401863765954751,-7.9709314651960836
5.9957415789332256,-7.9938171375638571
5.9510309386306668,-8.016178986858467
5.9060587926592651,-8.0380101411772618
5.8608293634014172,-8.059303131181391
5.8153467922785236,-8.0800498858537981
5.769615173060763,-8.100241726962123
5.7236385851593017,-8.1198693623924765
5.6774211272246813,-8.1389228785086427
5.6309669512911045,-8.1573917317320817
5.5842802977652175,-8.1752647395209319
5.5373655315138386,-8.1925300709603466
5.4902271792953803,-8.2091752371991049
5.4428699687823379,-8.2251870819905069
5.3952988694071733,-8.2405517726306439
5.3475191352548714,-8.2552547916246262
5.299536350211306,-8.2692809294551139
5.2513564755607076,-8.2826142788766344
5.2029859002028731,-8.2952382312147641
5.1544314936332567,-8.3071354752100408
5.1057006617929241,-8.3182879990132914
5.0568014058495239,-8.3286770960107255
5.0077423839136062,-8.3382833752328374
4.95853297562366,-8.3470867771797046
4.909183349446856,-8.3550665959746251
4.8597045324378403,-8.362201508835378
4.8101084820743072,-8.3684696139244377
4.7604081596414485,-8.3738484777016602
4.7106176044697374,-8.3783151929496409
4.6607520081371714,-8.3818464486666358
4.6108281382278031,-8.3844261309791452
4.5608646921354419,-8.3860710730942642
4.5108795720706665,-8.3868085473543967
4.4608891675459255,-8.3866674584018437
4.4109083114580425,-8.3856781030586589
4.360950260345934,-8.3838719379442139
4.311026696501659,-8.3812813585569259
4.2611477492521974,-8.3779394928637281
4.211322032596942,-8.3738800116356344
4.1615566963677013,-8.3691369570155167
4.1118574881698251,-8.3637445901296061
4.0622288235384234,-8.3577372579729197
4.012673861976686,-8.3511492793169033
3.9631945868128446,-8.3440148490051573
3.9137918870981343,-8.3363679597145435
3.8644656400564092,-8.3282423400551444
3.815214792873368,-8.3196714077523115
3.7660374428738881,-8.3106882365856425
3.7169309153719863,-8.3013255357410856
3.6678918386890356,-8.2916156402522656
3.6189162160193513,-8.2815905112556845
3.5699994939797741,-8.2712817448524643
3.521136627812544,-8.2607205884497592
3.4723221433207594,-8.2499379635413277
3.4235501957059813,-8.2389644939744233
3.374814625547395,-8.2278305388345352
3.3261090122354982,-8.2165662291625221
3.27742672516553,-8.2052015077779856
3.2287609731296638,-8.1937661715676917
3.1801048763386981,-8.1822898136166273
3.1314537930374713,-8.1707922194740537
3.0828072393059593,-8.159275475653498
3.0341651712209732,-8.1477398009302888
2.9855275446386695,-8.1361854138821048
2.9368943151970988,-8.1246125328921188
2.8882654383187618,-8.1130213761521297
2.8396408692130444,-8.1014121616657206
2.7910205628787819,-8.0897851072514495
2.7424044741068112,-8.0781404305460693
2.6937925574822508,-8.0664783490076832
2.6451847673871494,-8.054799079919027
2.5965810580028155,-8.0431028403906932
2.5479813833123344,-8.0313898473643999
2.4993856971028272,-8.0196603176162373
2.4507939529680631,-8.0079144677600205
2.4022061043106615,-7.9961525142505323
2.3536221043445269,-7.9843746733868741
2.3050419060972813,-7.9725811613158202
2.2564654624125047,-7.9607721940351377
2.2078927259520906,-7.9489479873969664
2.1593236491985976,-7.9371087571111989
2.1107581844575938,-7.9252547187488913
2.0621962838598615,-7.9133860877456463
2.0136378993636672,-7.9015030794050372
1.9650829827571987,-7.8896059089020794
1.9165314856606506,-7.8776947912866433
1.8679833595285709,-7.8657699414869446
1.8194385556520019,-7.8538315743129905
1.7708970251608145,-7.8418799044601082
1.7223587190259186,-7.8299151465124393
1.673823588061369,-7.8179375149464363
1.6252915829266454,-7.8059472241344112
1.5767626541287947,-7.79394448834808
1.5282367520246207,-7.7819295217621072
1.4797138268228904,-7.7699025384576936
1.4311938285864179,-7.7578637524261351
1.3826767072342048,-7.7458133775724249
1.3341624125436964,-7.7337516277188758
1.2856508941527669,-7.72167871660871
1.2371421015619399,-7.7095948579097184
1.1886359841363803,-7.697500265217859
1.1401324911081794,-7.685395152060976
1.0916315715782554,-7.6732797319024
1.043133174518595,-7.6611542181446728
0.99463724877424065,-7.6490188241332167
0.9461437430653763,-7.6368737631600245
0.89765260598939711,-7.6247192484673905
0.84916378602302789,-7.6125554932516355
0.80067723152427039,-7.6003827106668211
0.75219289073450013,-7.5882011138285108
0.70371071178053812,-7.5760109158175286
0.65523064267661568,-7.5638123296837181
0.60675263132643464,-7.5516055684497179
0.55827662552520674,-7.5393908451147693
0.50980257295700926,-7.5271683726573295
0.46133042121531792,-7.5149383640435676
0.41286011777726095,-7.5027010322241683
0.36439161002411191,-7.4904565901428475
0.3159248452393506,-7.4782052507391876
0.26745977060745574,-7.4659472269516929
0.21899633322131801,-7.4536827317230143
0.17053448008024491,-7.4414119780028241
0.12207415809295191,-7.429135178751948
0.073615314079664207,-7.416852546946302
0.025157894773962075,-7.4045642955807525
-0.023298153175095149,-7.3922706376730734
-0.071752883201194773,-7.3799717862678236
-0.12020634881861642,-7.3676679544403161
-0.16865860362038665,-7.3553593553005463
-0.2171097012762464,-7.3430462019971614
-0.26555969553076392,-7.3307287077213878
-0.314008640201273,-7.318407085711053
-0.36245658917599483,-7.3060815492545306
-0.41090359641208929,-7.2937523116947398
-0.45934971593360235,-7.2814195864331639
-0.50779500182963977,-7.2690835869338359
-0.55623950825227497,-7.2567445267273802
-0.60468328941470084,-7.2444026194150313
-0.65312639958920926,-7.2320580786726776
-0.7015688931052626,-7.2197111182549012
-0.75001082434753286,-7.2073619519990491
-0.79845224775390256,-7.1950107938292902
-0.84689321781358595,-7.1826578577606863
-0.89533378906507799,-7.1703033579032898
-0.94377401609424583,-7.1579475084662239
-0.99221395353234998,-7.1455905237618023
-1.0406536560540531,-7.13323261820962
-1.0890931783754507,-7.1208740063406939
-1.1375325752521852,-7.1085149028015646
-1.1859719014773344,-7.0961555223584654
-1.2344112118795088,-7.0837960799014468
-1.2828505613208183,-7.0714367904485531
-1.3312900046950129,-7.0590778691499469
-1.3797295969252978,-7.0467195312921254
-1.4281693929624504,-7.0343619923020828
-1.4766094477828615,-7.022005467751482
-1.525049816386423,-7.0096501733608818
-1.5734905537945729,-6.9972963250039255
-1.6219317150482657,-6.9849441387115618
-1.6703733552059741,-6.97259383067626
-1.7188155293416127,-6.9602456172562484
-1.7672582925422313,-6.9478997149798261
-1.8157016999067257,-6.9355563405494234
-1.8641458065434495,-6.9232157108459278
-1.9125906675677951,-6.9108780429330618
-1.9610363381050542,-6.8985435540603737
-2.009482873269794,-6.88621246167226
-2.0579303281915173,-6.8738849834051843
-2.1063787579940807,-6.8615613370966759
-2.1548282177983422,-6.8492417407884272
-2.2032787627198411,-6.8369264127306595
-2.2517304478668851,-6.8246155713863814
-2.3001833283383051,-6.8123094354357594
-2.3486374592214183,-6.8000082237804076
-2.3970928955898185,-6.7877121555477578
-2.445549692501185,-6.7754214500954077
-2.4940079049952559,-6.763136327015447
-2.542467588065449,-6.7508570060358064
-2.5909287935431267,-6.7385836947298241
-2.6393915670922792,-6.7263165766326507
-2.6878559535278592,-6.7140558321997714
-2.736321997481264,-6.7018016415062451
-2.7847897434121265,-6.6895541842052504
-2.8332592355797317,-6.6773136394969859
-2.8817305180394355,-6.6650801860913704
-2.930203634630808,-6.652854002173024
-2.9786786289670149,-6.6406352653661145
-3.0271555444243243,-6.6284241526993748
-3.07563442413166,-6.6162208405713621
-3.1241153109603559,-6.6040255047158833
-3.1725982475139416,-6.5918383201677226
-3.2210832761182089,-6.5796594612285491
-3.2695704388111224,-6.5674891014332175
-3.3180597773331413,-6.5553274135162578
-3.3665513331175494,-6.5431745693787411
-3.4150451472809946,-6.5310307400554493
-3.463541260614095,-6.5188960956824262
-3.5120397135722907,-6.5067708054648534
-3.5605405462667785,-6.4946550376453684
-3.6090437984557622,-6.4825489594727062
-3.6575495095356607,-6.4704527371708291
-3.7060577185326671,-6.4583665359084605
-3.7545684640944321,-6.4462905197690521
-3.8030817844819294,-6.4342248517212273
-3.8515977175615559,-6.4221696935897095
-3.9001163007973383,-6.4101252060267253
-3.9486375712434088,-6.3980915484839356
-3.9971615655367025,-6.386068879184843
-4.0456883198898614,-6.3740573550977606
-4.0942178700842087,-6.3620571319093306
-4.1427502514631405,-6.3500683639985782
-4.1912854989255779,-6.3380912044115254
-4.2398236469198194,-6.3261258048363826
-4.2883647294373395,-6.3141723155793636
-4.3369087800070645,-6.3022308855410323
-4.3854558316897254,-6.2903016621933228
-4.4340059170726054,-6.2783847915570838
-4.4825590682642353,-6.2664804181803504
-4.5311153168895908,-6.2545886851171613
-4.5796746940854067,-6.2427097339070503
-4.6282372304956834,-6.2308437045551672
-4.6768029562676006,-6.2189907355130325
-4.72537190104737,-6.2071509636599878
-4.7739440939765725,-6.1953245242852724
-4.8225195636887008,-6.1835115510707421
-4.8710983383058508,-6.1717121760742852
-4.9196804454355973,-6.1599265297139301
-4.9682659121683255,-6.1481547407525348
-5.0168547650745152,-6.136396936283262
-5.0654470302025434,-6.1246532417156256
-5.1140427330764648,-6.1129237807622863
-5.1626418986941278,-6.1012086754264914
-5.2112445515255663,-6.0895080459901925
-5.2598507155118455,-6.077822011002759
-5.3084604140609226,-6.0661506872711568
-5.3570736700566028,-6.0544941898477056
-5.4056905058417097,-6.0428526320247364
-5.4543109427063587,-6.0312261231288593
-5.5029321640368263,-6.0196028958775729
-5.5515418622942674,-6.0079315932095927
-5.6001255735901365,-5.9961526317300784
-5.6486683609821782,-5.9842062117722126
-5.6971545059260684,-5.9720320403046969
-5.7455671877713357,-5.9595690646215873
-5.793888145516231,-5.9467552200759668
-5.8420973162776315,-5.9335271963719389
-5.8901724453109718,-5.9198202285981756
-5.9380886630409817,-5.9055679213198946
-5.9858180255835363,-5.8907021166923039
-6.0333290168433571,-5.8751528207469077
-6.0805860127499196,-5.8588482057053701
-6.1275487116874938,-5.8417147103540588
-6.1741715404114794,-5.8236772648174169
-6.2204030515130198,-5.8046596702647397
-6.2661853376612742,-5.7845851672917474
-6.3114534992005078,-5.7633772279873412
-6.3561352150851107,-5.7409606045276949
-6.4001504817658859,-5.717262659677016
-6.443411598714138,-5.6922149897724958
-6.4858234898696248,-5.6657553267885428
-6.527284453249667,-5.6378296720208763
-6.5676874211838019,-5.608394570869689
-6.6069217861739684,-5.5774193902363987
-6.6448757991232537,-5.5448884150272573
-6.6814394787114413,-5.5108025493869572
-6.7165078903377706,-5.4751804040656751
-6.7499845743985016,-5.4380585836819773
-6.7818004613509304,-5.3995036455246233
-6.8119690387958505,-5.3596460010355855
-6.8405285002920202,-5.3186195809411805
-6.8675180777307236,-5.2765434289825963
-6.8929762793620561,-5.2335231419594104
-6.9169395906655398,-5.1896523532860925
-6.9394415278497465,-5.145014174794345
-6.9605119513467173,-5.099682550852962
-6.9801765632950667,-5.0537235043765127
-6.998456528074688,-5.0071962707756024
-7.0153681675154438,-4.9601543261779
-7.0309226922636645,-4.9126463224786789
-7.0451259381212878,-4.8647169455642798
-7.0579780812817141,-4.8164077155395484
-7.0694733095978872,-4.7677577498256554
-7.0795996306509235,-4.7188045514137062
-7.0883677837765084,-4.6695898125630153
-7.0958485091621997,-4.620162805847035
-7.1021272856239177,-4.5705685902155304
-7.1072962203356376,-4.5208462642412197
-7.1114525769048056,-4.4710289024394685
-7.1146974622368431,-4.42114372002849
-7.117134707883312,-4.371212419199006
-7.1188699605172845,-4.3212516708527726
-7.1200099792659941,-4.2712736907833699
-7.1206621252267759,-4.2212868765769125
-7.1209340202224194,-4.1712964796181815
-7.1209333469295784,-4.1213052943302637
-7.120767760009449,-4.0713143536875451
-7.1205446565813189,-4.0213236263519274
-7.1203388787172504,-3.9713328250843891
-7.120158610856091,-3.921341925319465
-7.1200038757122206,-3.8713509400046728
-7.1198746973864919,-3.8213598821186521
-7.1197711013704259,-3.7713687646741016
-7.1196931145507252,-3.7213776007206119
-7.1196407652141316,-3.6713864033475532
-7.1196140830526176,-3.6213951856871183
-7.1196130991689008,-3.5714039609171366
-7.1196378460823144,-3.5214127422641432
-7.1196883577349972,-3.4714215430062652
-7.1197646694984478,-3.4214303764763416
-7.1198668181804106,-3.3714392560649524
-7.1199948420321171,-3.3214481952234518
-7.1201487807558932,-3.2714572074664736
-7.1203286755130977,-3.2214663063769002
-7.120534568932448,-3.171475505607416
-7.1207665051186995,-3.1214848188840456
-7.1210245296616987,-3.0714942600094792
-7.1213086896458027,-3.0215038428663989
-7.1216190336597069,-2.9715135814207461
-7.1219556118066407,-2.9215234897204256
-7.1223184757148408,-2.8715335819176815
-7.1227076785487151,-2.8215438722440109
-7.1231232750200899,-2.7715543750327623
-7.1235653214000356,-2.7215651047178722
-7.1240338755310617,-2.6715760758376246
-7.1245289968397403,-2.6215873030381216
-7.1250507463497446,-2.5715988010772231
-7.1255991331419075,-2.5216105842286396
-7.1261694890213976,-2.4716226128469501
-7.1267488789101456,-2.4216347451508966
-7.1273235135690109,-2.3716468226742711
-7.1278796320720712,-2.3216586911992927
-7.1284035460829172,-2.2716702125559731
-7.1288816835357371,-2.2216812761343889
-7.1293006313959921,-2.1716918099309162
-7.129647177187171,-2.1217017909610938
-7.1299083489853929,-2.0717112548842858
-7.1300714536023513,-2.0217203047042354
-7.130124112699094,-1.9717291184275063
-7.130054296597935,-1.9217379555853045
-7.1298503555870463,-1.8717471625455324
-7.1295010485417318,-1.8217571765675866
-7.1289955687172943,-1.7717685285756539
-7.1283232545123401,-1.7217818493251438
-7.1274305992602205,-1.671798662553142
-7.1261773429955548,-1.6218233078635682
-7.1244119871568463,-1.5718635522113584
-7.1219798558698493,-1.5219319903631892
-7.1187208063882403,-1.4720478046414673
-7.1144671870549736,-1.4222388580351764
-7.1090421252683145,-1.3725442233096106
-7.1022583106593249,-1.3230172361411785
-7.0939175473249465,-1.2737291224499987
-7.0838114838075539,-1.2247731685075438
-7.0717240777247987,-1.1762692494664897
-7.0574364742804399,-1.1283682780986646
-7.0407349922517533,-1.0812557662099658
-7.0214256448157668,-1.0351519203942903
-6.999459106939204,-0.99025320968387087
-6.9749600172989989,-0.94668426534149031
-6.9480744800811918,-0.90454563460158621
-6.9189543591779081,-0.86391862658548646
-6.8877527627727497,-0.82486694370394542
-6.8546204264967292,-0.78743889961654967
-6.8197030212783369,-0.75166993026281204
-6.7831393186272324,-0.71758516521262894
-6.7450600933175258,-0.68520189569744205
-6.7055876236715513,-0.65453183934525805
-6.6648356525912478,-0.6255831528832414
-6.6229096885582805,-0.59836218108603223
-6.5799075476949556,-0.5728749542916487
-6.5359200608225221,-0.54912846047107189
-6.4910336844174763,-0.5271279323466469
-6.4453571848372277,-0.50681751935074992
-6.3990115763522306,-0.48808293375170342
-6.3521051476416019,-0.47079919528849951
-6.3047327578652821,-0.45483569428620241
-6.2569764952576001,-0.44005911050790797
-6.2089067657456862,-0.42633555358703812
-6.1605836174186148,-0.41353200434639892
-6.1120581612553133,-0.40151716502077778
-6.0633739973673437,-0.39016183134440585
-6.0145685952858434,-0.37933889063551102
-5.9656746061578421,-0.36892303487112299
-5.9167211054858546,-0.35879026120367952
-5.8677347793417534,-0.34881721735156318
-5.818740150829937,-0.33888499801544431
-5.7697470200343188,-0.32894539322522476
-5.7207537309805208,-0.31900656861577881
-5.6717582949806902,-0.30907833410982011
-5.6227587110715662,-0.2991705931774058
-5.5737529729134945,-0.28929334011007313
-5.5247390759306692,-0.27945665713608203
-5.4757150246439794,-0.26967071134060366
-5.4266788402025163,-0.25994575136476594
-5.377628568102554,-0.25029210385313572
-5.3285622860837494,-0.24072016961876772
-5.2794781121906684,-0.23124041949417315
-5.2303742129858444,-0.22186338983601636
-5.1812488118990281,-0.21259967765111484
-5.1321001976944896,-0.20345993531116272
-5.0829267330367935,-0.19445486482403282
-5.0337268631320589,-0.18559521162993903
-4.9844991244199948,-0.17689175789188988
-4.9352421532885993,-0.16835531525110564
-4.8859546947806782,-0.15999671701992416
-4.8366356112585365,-0.15182680978701324
-4.7872838909899116,-0.1438564444124403
-4.7378986566153616,-0.13609646639347675
-4.6884791734541134,-0.12855770558581398
-4.6390248576025748,-0.12125096526930107
-4.5895352837766952,-0.11418701055223758
-4.5400101928459033,-0.10737655611368932
-4.4904494990135815,-0.10083025329067163
-4.4408533681962465,-0.094558100966438366
-4.3912231662479293,-0.088561488466897362
-4.3415610424143614,-0.082835231715139193
-4.2918690794264105,-0.077373947708759619
-4.2421492732801447,-0.072172224036379878
-4.1924035344521391,-0.067224622623740501
-4.142633689221495,-0.06252568328800219
-4.0928414810889642,-0.058069927100606634
-4.0430285722834709,-0.053851859559714159
-3.9931965453472094,-0.049865973573933686
-3.943346904790491,-0.046106752259608905
-3.8934810788099981,-0.042568671554591937
-3.8436004210499304,-0.039246202650899134
-3.7937062124386109,-0.036133814252655529
-3.743799663024967,-0.033225974658653054
-3.6938819138786125,-0.030517153678672262
-3.6439540390048473,-0.028001824385233368
-3.5940170472834509,-0.025674464706572472
-3.544071884424004,-0.023529558865679128
-3.4941194349329878,-0.021561598670507921
-3.4441605240885464,-0.019765084660587601
-3.394195919918741,-0.018134527115298817
-3.3442263351799597,-0.016664446929152772
-3.2942524293321878,-0.01534937635940185
-3.2442748105085046,-0.014183859651316353
-3.1942940374760806,-0.013162453546418311
-3.1443106215867038,-0.012279727678930669
-3.0943250287148247,-0.011530264865627544
-3.0443376811817591,-0.010908661294204466
-2.994348959664451,-0.010409526615191528
-2.9443592050879768,-0.010027483942346491
-2.8943687205008768,-0.0097571697663571526
-2.8443777729326767,-0.0095932337865751414
-2.794386595233417,-0.0095303386653934601
-2.7443953878947216,-0.0095631597097626322
-2.6944043208526396,-0.0096863844842276035
-2.6444135352722409,-0.0098947123597509287
-2.5944231453145261,-0.010182854002472673
-2.5444332398858229,-0.010545530806446884
-2.4944438843711505,-0.010977474274277813
-2.4444551223458091,-0.011473425349541617
-2.3944669772922107,-0.012028133704458908
-2.344479454264103,-0.012636356987033595
-2.2944925415772519,-0.01329286003041545
-2.2445062124666175,-0.013992414028544653
-2.1945204267371099,-0.014729795681207801
-2.1445351324047284,-0.015499786311854396
-2.0945502673294336,-0.016297170961419701
-2.0445657608410297,-0.017116737461347606
-1.9945815353594127,-0.017953275488961438
-1.9445975080108731,-0.0188015756082884
-1.8946135922416087,-0.019656428299423368
-1.8446296994302438,-0.020512622979488471
-1.7946457405006817,-0.021364947018241261
-1.7446616275370797,-0.022208184751374857
-1.6946772754022013,-0.023037116494570048
-1.6446926033609464,-0.023846517561366291
-1.5947075367104135,-0.024631157287951108
-1.5447220084182747,-0.025385798067995683
-1.4947359607706776,-0.026105194400716732
-1.444749351194311,-0.026784404920190578
-1.3947621937515904,-0.02742202508631645
-1.3447745330393557,-0.028018892862960759
-1.2947864120348103,-0.028575883786258877
-1.2447978716402022,-0.029093875470176906
-1.19480895072212,-0.029573747547050989
-1.1448196861512778,-0.030016381608551072
-1.0948301128429958,-0.030422661147065235
-1.0448402637980854,-0.03079347149750505
-0.99485017014434118,-0.031129699779527079
-0.94485986117846077,-0.031432234840168757
-0.89486936440859943,-0.031701967196893395
-0.84487870559726674,-0.031939788981041932
-0.79488790880475735,-0.032146593881685614
-0.74489699643302754,-0.032323277089875015
-0.69490598926994229,-0.032470735243280126
-0.64491490653407679,-0.032589866371214846
-0.5949237659197868,-0.03268156984004076
-0.54493258364274999,-0.032746746298942732
-0.49494137448579384,-0.032786297626069473
-0.44495015184523679,-0.032801126875031728
-0.39495892777741687,-0.032792138221750318
-0.34496771304565044,-0.032760236911646118
-0.29497651716740969,-0.032706329207163022
-0.24498534846195705,-0.032631322335615803
-0.19499421409810849,-0.032536124437353507
-0.14500312014237221,-0.03242164451422893
-0.095012071607246604,-0.03228879237836476
-0.045021072499911149,-0.032138478601206617
0.0049698741289937454,-0.031971614462852613
