x_m,y_m,s_m,psi_rad,kappa_inv_m
0.88087631068273609,-2.4371387322824996,0,0.14410195601279488,-0.095870084746496373
0.93029127632679698,-2.4300808287450351,0.049916497084638529,0.13979819221341261,-0.07655862699451188
0.97973286736693899,-2.423211808525374,0.099832994169277059,0.13645943348682316,-0.057213732328859811
1.0291938858524423,-2.4164840184830578,0.1497494912539156,0.13408611496331826,-0.037884309272972413
1.0786675453165688,-2.4098497675359121,0.19966598833855412,0.13268570171387201,-0.015357958411301692
1.1281452139734471,-2.4032454560279541,0.24958248542319264,0.13310017189549841,0.031920885847885425
1.1776122875040675,-2.3965623649192103,0.29949898250783119,0.13586869145786618,0.078972956913716599
1.2270525982849729,-2.3896843634669414,0.34941547959246971,0.14098154039712618,0.12585973677828205
1.2764486660439442,-2.3824959263990957,0.39933197667710824,0.14843157716288627,0.17262107329797677
1.3257808817983097,-2.3748821700749096,0.44924847376174676,0.15821286298191053,0.21926334472994183
1.3750267138727919,-2.3667289955040292,0.49916497084638528,0.17031869780552991,0.26574773052454914
1.4241599464039514,-2.3579233754390385,0.54908146793102386,0.18473907673211676,0.31197877480028147
1.4731499682242841,-2.3483538202759289,0.59899796501566238,0.20145759228853297,0.35779372994570258
1.5219611389422429,-2.3379110528273004,0.6489144621003009,0.22044784107213147,0.40295352742589724
1.5705522686822844,-2.3264889139437344,0.69883095918493943,0.2416694450992915,0.44713660522095516
1.6188762571388351,-2.3139855082480119,0.74874745626957795,0.26506386837621188,0.48993715893642797
1.66687994458862,-2.3003045810435045,0.79866395335421647,0.29055029302246166,0.53086957247231292
1.7145042300404343,-2.2853570936453571,0.84858045043885499,0.31802190607068725,0.56938069110761869
1.7616845072648486,-2.2690629360863759,0.89849694752349352,0.34734302032983888,0.60487109067796097
1.8083514558036464,-2.2513526861439455,0.94841344460813204,0.37834748722923489,0.63672548760233461
1.8544329897125165,-2.2321711310745194,0.99832994169277056,0.41061045624296316,0.64717276653503131
1.8998711937318609,-2.2115117310954768,1.0482464387774091,0.44283041175878302,0.64464618918115513
1.9446207373055697,-2.1894002063959057,1.0981629358620477,0.47505146109293261,0.64717547257628483
1.988632243631727,-2.1658539721411842,1.1480794329466861,0.50752093172123325,0.6545801667912593
2.0318504800811685,-2.1408816830820108,1.1979959300313248,0.54048022137927088,0.66680009982690391
2.0742131277897067,-2.1144841993185461,1.2479124271159632,0.57417038548100885,0.68387937938457333
2.1156494495475089,-2.0866554650153657,1.2978289242006018,0.6088370098335053,0.70595337473609332
2.1560788206847121,-2.0573833770486516,1.3477454212852402,0.64473445971913601,0.73323634181839936
2.1954090976278389,-2.0266507280318558,1.3976619183698789,0.68212947309519267,0.76600702968840795
2.2335348130773647,-1.9944363222789896,1.4475784154545173,0.72130391726697807,0.80458892252183623
2.2703352095704195,-1.9607163839432031,1.4974949125391559,0.76255633647506871,0.84932071140796839
2.3056721602715546,-1.9254664028728472,1.5474114096237943,0.8062016643051938,0.90051119864892071
2.3393880846971951,-1.8886635926359752,1.5973279067084329,0.85256814752722421,0.95837133324643542
2.3713040567016446,-1.8502901595404659,1.6472444037930716,0.90199013404284445,1.0229150566351146
2.4012273095532302,-1.8103440071745271,1.69716090087771,0.95388153918328344,1.0425202552438719
2.4290337675447615,-1.7688964878542213,1.7470773979623486,1.0058446398157213,1.0384514276467176
2.4546564772590966,-1.7260644865941985,1.796993895046987,1.0574536489314328,1.0284040726674057
2.478048711302594,-1.681974571504971,1.8469103921316257,1.1084226213398678,1.01291307014056
2.4991837380255331,-1.6367590138925907,1.8968268892162641,1.1584970395642269,0.99269278574947062
2.5180540661847397,-1.5905522009488715,1.9467433863009027,1.2074612085048124,0.96857327339663923
2.5346698938782839,-1.5434873640289368,1.9966598833855411,1.2551423817099328,0.94143470831072329
2.5490569743737375,-1.4956938072469463,2.0465763804701798,1.3014117517919848,0.91214850696252348
2.5612541321160833,-1.4472947387642758,2.0964928775548182,1.3461827916915723,0.88153072239287711
2.5713106484970369,-1.3984057295392811,2.1464093746394566,1.3894076314853305,0.85031008144892162
2.5792836996717172,-1.3491337627991598,2.1963258717240954,1.4310722020596993,0.81911029652744372
2.5852359800887719,-1.2995767969383525,2.2462423688087338,1.4711908092458359,0.78844447331053658
2.5892335959172854,-1.2498237443585072,2.2961588658933723,1.5098006685031347,0.75871859345814985
2.5913442692446771,-1.1999547649926978,2.3460753629780107,1.546956774966624,0.73024097638704
2.5916358602567593,-1.1500417807057408,2.3959918600626495,1.5827273378212603,0.70323502797158655
2.5901751912598368,-1.1001491304798778,2.4459083571472879,1.6171898885544989,0.67785320100200264
2.5870271422655087,-1.0503343023805187,2.4958248542319263,1.6504280852290916,0.6541907330100929
2.5822539810100067,-1.0006486941127597,2.5457413513165652,1.682529177697587,0.63229828403808574
2.5759148886460301,-0.95113836802101237,2.5956578484012036,1.7135820661726959,0.61219302712684864
2.5680656440794651,-0.90184477799755869,2.645574345485842,1.7436758712767544,0.59386804591010123
2.5587584335689475,-0.85280545486058668,2.6954908425704804,1.7728989316213173,0.5773000857668471
2.5480417567150351,-0.80405464356118606,2.7454073396551193,1.8013381502881065,0.56245581353495089
2.5359604046448139,-0.75562389044446598,2.7953238367397577,1.8290786207701268,0.54929679097388406
2.5225554906365657,-0.70754258214080312,2.8452403338243961,1.8562034736026971,0.53778337975604762
2.5078645174032088,-0.65983843983347301,2.8951568309090345,1.8827938956231929,0.52787778626978044
2.4919214686916038,-0.61253797401391463,2.9450733279936734,1.9089292836962846,0.51954643368491837
2.4747569157435634,-0.56566690559548249,2.9949898250783118,1.9346875034815756,0.51276182346432841
2.4563981315572585,-0.51925055964861822,3.0449063221629502,1.9601452312714303,0.50750402293506724
2.4368692078492469,-0.47331423817574741,3.0948228192475886,1.9853783631447361,0.50376189185110287
2.4161911712256732,-0.42788357837554541,3.1447393163322275,2.010462480786487,0.50153414002302588
2.3943820847762112,-0.38298490864888307,3.1946558134168659,2.0354803609510044,0.50333891076818549
2.3714457583041568,-0.33865157597661522,3.2445723105015043,2.0611899095529895,0.52720124746721519
2.3473504057819721,-0.29493750858612888,3.2944888075861432,2.0881573820519579,0.55376479033043446
2.3220556389124067,-0.25190653801653928,3.3444053046707816,2.1165213387668302,0.58317884913736984
2.2955186962272691,-0.20963052031493165,3.39432180175542,2.1464277030116286,0.61558707577930905
2.267695012911576,-0.16819029829910651,3.4442382988400584,2.1780291348894059,0.65111291154653861
2.238539007334305,-0.12767669978078605,3.4941547959246972,2.2114835509756072,0.68983969304625559
2.2080051478459986,-0.088191526139133128,3.5440712930093357,2.2469514894928078,0.73178407031254245
2.1760493699029722,-0.049848459090582067,3.5939877900939741,2.2845919568310329,0.77686158523297
2.1426309145559639,-0.012773778655837349,3.6439042871786125,2.3245563475541084,0.82484390826198195
2.107714649751232,0.022893257461038236,3.6938207842632513,2.3669800358921069,0.87530861960475093
2.0712739088616412,0.057000570554377378,3.7437372813478897,2.411971336753655,0.92758485282209779
2.033293828387245,0.089384196089587614,3.7936537784325282,2.4595977861443572,0.9807017786181772
1.9937750817214213,0.11987026792867334,3.8435702755171666,2.5098701529438205,1.0333515801275575
1.9527377862675714,0.14827831200097116,3.8934867726018054,2.5627252958303433,1.083883247878932
1.9102252163755216,0.1744260348258122,3.9434032696864438,2.6180098723355067,1.1303460545585038
1.8663169334280509,0.19815511465536154,3.9933197667710822,2.6739345605488407,1.0995273718741283
1.8211728428592642,0.21944049832086704,4.0432362638557207,2.7277000682168886,1.0544667332417388
1.7749710144944126,0.238321630865693,4.0931527609403595,2.7791951570584246,1.0087969657716964
1.7278768855306106,0.25485331447991338,4.1430692580249984,2.8284226672015067,0.96380122988058314
1.6800416975296779,0.26910085698033986,4.1929857551096363,2.8754422224918099,0.92047358666098789
1.6316020830390747,0.28113587344678581,4.2429022521942752,2.9203563190009048,0.87954352638572886
1.5826804600772053,0.29103277504941977,4.2928187492789132,2.9632980872620589,0.84151645739344882
1.5333859689421416,0.29886595717031417,4.342735246363552,3.0044212492735447,0.80671973126354812
1.4838157348721035,0.30470762967893233,4.3926517434481909,3.0438923638061546,0.77534746648615105
1.4340562950359246,0.30862619656970913,4.4425682405328288,3.0818851988660723,0.74750056835849332
1.3841850789707286,0.31068508030560105,4.4924847376174677,3.1185769502722103,0.72322059212799039
1.3342718734329213,0.31094188900328584,4.5424012347021065,-3.1290393111293584,0.70251750441115701
1.2843802348532252,0.30944783500602902,4.5923177317867445,-3.0944144067736268,0.68539216375156065
1.2345673173553322,0.30626830194345378,4.6422342288713834,-3.0618306311772252,0.61981425417143909
1.1848761441603843,0.30154961216605641,4.6921507259560213,-3.0325587743740074,0.5528870491711898
1.1353337140054416,0.2954615278676494,4.7420672230406602,-3.0066398013665037,0.48561691959565101
1.0859530781679618,0.2881742991932521,4.7919837201252991,-2.984071931686374,0.4187135818599137
1.0367352684823756,0.27985643045129494,4.841900217209937,-2.9648247696285668,0.35262018509292942
0.98767128663751202,0.2706733286151356,4.8918167142945759,-2.9488515893294647,0.28755535339764315
0.9387440220791623,0.2607866877382341,4.9417332113792147,-2.9360994165752148,0.22355824159288579
0.88993002738991145,0.25035445374161236,4.9916497084638527,-2.9265169049807338,0.16053122171573253
0.84120112729112462,0.23953122464025631,5.0415662055484916,-2.9200601973277647,0.098277703213517961
0.79252587057722845,0.22846896067530328,5.0914827026331304,-2.9166970335144002,0.036534612053012006
0.74387085577752832,0.21731789946027402,5.1413991997177684,-2.9164093559690305,-0.024999682089269764
0.69520197412039719,0.20622758854628123,5.1913156968024072,-2.9191946044287143,-0.086640492995626706
0.6464856199991198,0.1953479592889987,5.2412321938870452,-2.9250658074791702,-0.1486931592880503
0.59768992128860676,0.18483037041471317,5.2911486909716841,-2.9340504829680381,-0.21142865546782852
0.54878604019054356,0.17482854690027511,5.3410651880563229,-2.9461882636523193,-0.27505661236236911
0.49974969998272362,0.16549872584452247,5.3909816851409609,-2.9613696582716975,-0.31278651451845835
0.45057729983596323,0.15691450312159061,5.4408981822255997,-2.9757335333706552,-0.26260390946379802
0.40129648929366457,0.14897540662615086,5.4908146793102386,-2.9875751417852161,-0.21175458315035059
0.35193442221314014,0.14155751797349878,5.5407311763948766,-2.9968647150163403,-0.16036746332813792
0.30251448608186637,0.13453489638794244,5.5906476734795154,-3.003577259640593,-0.1085070911193954
0.25305719330696486,0.12777994733236273,5.6405641705641543,-3.0076896789379668,-0.056187329020364697
0.20358113256534599,0.121163633397983,5.6904806676487922,-3.009178613645707,-0.0033863908159560653
0.15410396669141785,0.11455557507474982,5.7403971647334311,-3.0080190595537211,0.049937081008375919
0.10464346973647479,0.1078240935338432,5.7903136618180691,-3.0041838136356551,0.10382687502316042
0.055218599067176403,0.10083625157364781,5.8402301589027079,-2.9976438059859514,0.15831082140418898
0.0058505982286886637,0.093457952978070774,5.8901466559873468,-2.98836938549193,0.21338093858284463
-0.043435877652338833,0.085554164736816665,5.9400631530719847,-2.9763326350871222,0.26897204497731036
-0.092611630323239033,0.076989330251505339,5.9899796501566236,-2.9615107881470473,0.32493911628080085
-0.14164180979255853,0.067628043399614396,6.0398961472412624,-2.9438907898343238,0.38103426230051279
-0.19048487478603324,0.057336050901105121,6.0898126443259004,-2.923474983453044,0.43688504423533386
-0.23909168895393212,0.045981640779968989,6.1397291414105393,-2.9002877903396103,0.49197690562855012
-0.28740861055216887,0.033451524968504925,6.1896456384951772,-2.8755267131083242,0.48583931901017724
-0.33540776022270224,0.019753990127165257,6.2395621355798161,-2.8519066748615347,0.46043235840539987
-0.3830795977881104,0.0049570656765111649,6.2894786326644549,-2.8295691676511088,0.43449569420563061
-0.4304194557860867,-0.010870209777973636,6.3393951297490929,-2.8085344070464973,0.40827309098068221
-0.47742706272386726,-0.027658920121530883,6.3893116268337318,-2.788811302716208,0.38197357804811766
-0.5241061279769933,-0.045340864411457661,6.4392281239183706,-2.7703992062422444,0.35577119053962653
-0.5704639091326259,-0.063849025330534007,6.4891446210030086,-2.7532896310011048,0.32980626639527866
-0.61651078001066384,-0.083117922104052069,6.5390611180876475,-2.7374678783363571,0.3041878293702418
-0.66225981320400118,-0.10308385965963414,6.5889776151722863,-2.7229145264464552,0.27899664344045205
-0.70772638690311218,-0.12368508735401168,6.6388941122569243,-2.7096067572727942,0.25428859942484855
-0.7529278222279232,-0.14486188094641156,6.6888106093415631,-2.697519511595182,0.23009817494404036
-0.79788305437631601,-0.16655656100869154,6.7387271064262011,-2.6866264735530443,0.20644178396895127
-0.84261233861865714,-0.18871345992905561,6.78864360351084,-2.6769008933230269,0.18332089666978565
-0.88713699047033767,-0.21127884833207369,6.8385601005954788,-2.6683162612942803,0.16072486195039457
-0.93147915817832594,-0.23420083028552544,6.8884765976801168,-2.6608468494333146,0.13863340408601832
-0.97566162487105956,-0.25742921522232204,6.9383930947647556,-2.6544681362202702,0.11701879268607733
-1.0196957909764952,-0.28093748809199176,6.9883095918493945,-2.6475266782093114,0.1664921260596354
-1.0635328962888579,-0.3048110153115145,7.0382260889340325,-2.6378222616665012,0.2225496360477521
-1.1071018006911542,-0.32917029621519012,7.0881425860186713,-2.6252796106644665,0.28036541652786967
-1.1503251186952568,-0.35413730679070637,7.1380590831033093,-2.6097881006841872,0.34085154501381199
-1.193116840098545,-0.37983659565598765,7.1879755801879481,-2.5911921039915708,0.40489937300316053
-1.2353797199801937,-0.40639607754085716,7.237892077272587,-2.5692921177813979,0.47337284476933233
-1.277002391802831,-0.43394740124586867,7.287808574357225,-2.5438467195609644,0.54708083958512721
-1.3178561917853964,-0.46262571761466648,7.3377250714418638,-2.5145766008201842,0.62671985928364593
-1.3577917534062405,-0.49256859538676384,7.3876415685265027,-2.4811724367373409,0.71277552434618408
-1.3966355496061038,-0.52391374690850179,7.4375580656111406,-2.4433089717133925,0.80536991937880908
-1.434186747541119,-0.55679515051805961,7.4874745626957795,-2.4006682998588813,0.90404483470580677
-1.470215011418591,-0.59133713360677498,7.5373910597804183,-2.3529755543304942,1.0074836158921858
-1.5044602324395142,-0.62764608370452413,7.5873075568650563,-2.3000494372653559,1.1132035704633114
-1.5366383350192403,-0.66579751633032058,7.6372240539496952,-2.2423988612561261,1.1652718298671396
-1.566554412621123,-0.70574748478034743,7.6871405510343331,-2.1849668990102016,1.1342516417944686
-1.5941636033975854,-0.74732567493712021,7.737057048118972,-2.1293066596177073,1.0946137259830213
-1.6194623400866399,-0.79034934309905314,7.7869735452036108,-2.0757973976822064,1.0484218674843921
-1.6424769502899697,-0.83463751895766047,7.8368900422882488,-2.0247136512540957,0.99777201192415998
-1.6632588449130488,-0.880016824890407,7.8868065393728877,-1.9762285391405148,0.94460604062887898
-1.6818790923342395,-0.92632565178409321,7.9367230364575265,-1.9304247278017364,0.89059195766558796
-1.6984230173084933,-0.97341672592059403,7.9866395335421645,-1.8873097169829138,0.83706914200226545
-1.7129852756858184,-1.0211582920746576,8.0365560306268033,-1.8468325047652423,0.78504497440022514
-1.7256656594700461,-1.0694342260450109,8.0864725277114413,-1.8088995104764252,0.73522496819503036
-1.7365657234888308,-1.1181433984234401,8.1363890247960811,-1.7733885053166183,0.68806004368207185
-1.7457862111732549,-1.1671985719924489,8.186305521880719,-1.7401600189150213,0.64379874238133949
-1.7534251908659888,-1.21652505518946,8.236222018965357,-1.7090661843228314,0.60253671393710018
-1.7595767851873898,-1.266059272179185,8.2861385160499967,-1.6799572689086657,0.56425954319091631
-1.7643303718955525,-1.3157473561866579,8.3360550131346347,-1.652686265650247,0.52887756862220592
-1.7677605654826549,-1.3655444201019762,8.3859715102192727,-1.6264375055726832,0.52787992157977204
-1.7698768794594122,-1.4154145702225738,8.4358880073039106,-1.5999156626577795,0.53527878197033785
-1.7706594744815531,-1.4653234197193308,8.4858045043885504,-1.5729486156795196,0.54570893988252855
-1.7700818139496146,-1.5152349943073917,8.5357210014731884,-1.5453859538434997,0.55914271413273586
-1.7681108818813298,-1.5651108977565116,8.5856374985578263,-1.5170774682796011,0.5755981168772597
-1.7647073042583179,-1.614909444482167,8.6355539956424661,-1.4878711008991077,0.59512974671582941
-1.7598254511505145,-1.6645847311135025,8.685470492727104,-1.457611342499852,0.61781971215069231
-1.7534135556109387,-1.7140856264070308,8.735386989811742,-1.4261381062899527,0.64376746889063474
-1.7454138922119387,-1.7633546634652526,8.7853034868963817,-1.3932861604742062,0.67307737260488354
-1.7357630679291718,-1.8123268248478788,8.8352199839810197,-1.3588852666204638,0.70584261285416994
-1.7243924907892334,-1.8609282213803877,8.8851364810656577,-1.3227612407245528,0.74212405498727241
-1.7112290967652821,-1.9090746811988029,8.9350529781502974,-1.2847382294170326,0.78192246084660744
-1.6961964314629867,-1.9566702890975121,8.9849694752349354,-1.2446425671705958,0.82514272940591626
-1.679216197375238,-2.0036059499351881,9.0348859723195734,-1.2023086352190384,0.87154941597621494
-1.6602103849187615,-2.0497580955043251,9.0848024694042131,-1.1575871496038557,0.92071415637070708
-1.6391040982754663,-2.0949877118323896,9.1347189664888511,-1.1103562183099545,0.97195808213168955
-1.6158461555224068,-2.1391491795805244,9.184635463573489,-1.061809086024347,0.96820648148053412
-1.5904822909261669,-2.1821358220015989,9.2345519606581288,-1.0137474661235097,0.9571128552833672
-1.5630947001539774,-2.2238624191486318,9.2844684577427667,-0.96628976552774004,0.94408903290157364
-1.5337720157373471,-2.264252797815641,9.3343849548274047,-0.91952036621481226,0.92961431405347594
-1.5026073980841397,-2.3032397642504803,9.3843014519120427,-0.8734999135023086,0.91415733338880101
-1.4696967887691141,-2.3407647379725329,9.4342179489966824,-0.8282662767979424,0.89815968821127345
-1.4351373724334027,-2.3767771464625946,9.4841344460813204,-0.78383620743839766,0.8820243914688547
-1.3990262814974015,-2.4112336493161188,9.5340509431659584,-0.74020745577381075,0.8661089427928762
-1.3614595561421692,-2.4440972564667622,9.5839674402505981,-0.69736113119597942,0.85072239629677582
-1.3225313548523472,-2.4753363968389883,9.6338839373352361,-0.65526412595628114,0.83612558907633328
-1.2823333986804515,-2.5049239833935038,9.683800434419874,-0.61387146719859376,0.82253364371310023
-1.2409546249573464,-2.532836509700898,9.7337169315045138,-0.57312850468385468,0.81011992114788023
-1.1984810226549887,-2.5590532031159459,9.7836334285891517,-0.53297287979933849,0.7990207272870582
-1.1549956210461687,-2.5835552510324735,9.8335499256737897,-0.4933362524882477,0.7893402274797624
-1.1105786047584265,-2.6063251098801583,9.8834664227584295,-0.45414578625636493,0.78115517005674884
-1.0653075309674067,-2.6273459014999787,9.9333829198430674,-0.41532540803361495,0.77451914777353781
-1.0192576276715737,-2.6466008981492095,9.9832994169277054,-0.37679687055206013,0.7694662277479698
-0.97250215526063599,-2.6640730953972351,10.033215914012345,-0.33848065136962868,0.76601385598042948
-0.92511281660798139,-2.6797448713097638,10.083132411096983,-0.30029672596075607,0.7641649950074112
-0.87716020347428203,-2.6935977303182201,10.133048908181621,-0.26216525344340896,0.76390948755219701
-0.8287142689797955,-2.7056121307954339,10.182965405266261,-0.22400721328863274,0.76522466057310035
-0.77984481721776877,-2.715767396397375,10.232881902350899,-0.18574503026978798,0.768075198098642
-0.73062200170708047,-2.7240417124957235,10.282798399435537,-0.14730322320848166,0.77241232250356651
-0.68111682430775355,-2.7304122103411164,10.332714896520175,-0.1086091107880971,0.77817233677763586
-0.63140162545594047,-2.7348551427854964,10.382631393604814,-0.069593604653950675,0.78527459875830563
-0.58155055513755749,-2.7373461562657311,10.432547890689452,-0.030192115835545083,0.79361902559237507
-0.53164001198578104,-2.7378606640975591,10.48246438777409,0.00965440528792408,0.80308326545252062
-0.48174903533068431,-2.7363743257158291,10.53238088485873,0.049998283340562236,0.81351972514348259
-0.43195896118427751,-2.7328715661740564,10.582297381943368,0.090096412315771549,0.77272181267047901
-0.38234015496526069,-2.7274538890339399,10.632213879028006,0.12678362385406611,0.69699370143177741
-0.33293926556963876,-2.7203135663406899,10.682130376112646,0.15966967685928674,0.62066616928900753
-0.28378280682126694,-2.7116461832392984,10.732046873197284,0.18875737498980749,0.54497220240584843
-0.23487993027504658,-2.7016445851762776,10.781963370281922,0.21409978746168976,0.47070234387901866
-0.18622526249388094,-2.6904963852880242,10.831879867366561,0.2357797764257846,0.39827226642197378
-0.13780163764217571,-2.6783827119245265,10.881796364451199,0.25389318433802899,0.32779899381203081
-0.089582568212154406,-2.6654779269826379,10.931712861535837,0.26853575371049793,0.25917267214827916
-0.041534391511039437,-2.6519500650357379,10.981629358620477,0.27979337618964006,0.19211759862469918
0.006381906124970374,-2.6379617852475912,11.031545855705115,0.287735078580587,0.1262408552546056
0.054209145906369043,-2.6236716751742679,11.081462352789753,0.292408145638893,0.061069612721822167
0.10199263028875932,-2.6092357878661776,11.131378849874393,0.29383487131801767,-0.0039204525332870157
0.14977895851801604,-2.594809326480247,11.181295346959031,0.2920105694431096,-0.0692825785959435
0.19761490262837711,-2.5805484120969071,11.231211844043669,0.28690263427268192,-0.13557886540758177
0.24554625861557117,-2.5666118799970365,11.281128341128309,0.27845061119656345,-0.20335925472174599
0.29361658432634669,-2.5531630468132658,11.331044838212947,0.26656741782000365,-0.27313581254868835
0.3418631458519763,-2.5403614158629195,11.380961335297584,0.25208024419816294,-0.28818821364942004
0.39028851784776075,-2.5282536008954066,11.430877832382222,0.23805580493762613,-0.27358449426546161
0.43887472056215593,-2.5168080344123451,11.480794329466862,0.2247811077527741,-0.2581621137398914
0.48760438706123566,-2.5059893511582367,11.5307108265515,0.21229494424314044,-0.24200435535047488
0.53646119749210452,-2.4957599569044517,11.580627323636138,0.20063192931127352,-0.22519501862810784
0.58542992310824893,-2.4860802705925149,11.630543820720778,0.18982251313939974,-0.2078169456616
0.63449644306620412,-2.4769089661967554,11.680460317805416,0.17989306067794134,-0.18995079437179135
0.68364773567464443,-2.4682032099346469,11.730376814890054,0.17086598577665191,-0.17167407764648759
0.73287184629018232,-2.4599188893236326,11.780293311974694,0.16275992654753807,-0.15306047152732
0.78215783440454967,-2.4520108314851465,11.830209809059332,0.15558994872843893,-0.13417938253285575
0.83149570266972628,-2.4444330089797761,11.880126306143969,0.14936776457662396,-0.11509575407005586
