s_m,left_x_m,left_y_m,d_left_m,right_x_m,right_y_m,d_right_m,left_kind,right_kind,valid,reason
0,4.3109999999999999,-16.696888154186475,0.90972733321873067,6.1109999999999998,-16.752297804532244,-0.89112530632494913,unknown,unknown,1,
0.049963586170989033,4.3110000000000008,-16.647888026094321,0.91120842782746125,6.2610000000000001,-16.705801773642584,-1.039651383167445,unknown,unknown,1,
0.099927172341978066,4.3109999999999999,-16.598879403811218,0.9126370488749993,6.261000000000001,-16.654704806695623,-1.038161883769575,unknown,unknown,1,
0.1498907585129671,4.3109999999999999,-16.5498621155504,0.91401380638403518,6.2610000000000001,-16.603624205402884,-1.036727171374239,unknown,unknown,1,
0.19985434468395613,4.3109999999999999,-16.500835994368824,0.91533931044151917,6.3109999999999999,-16.553886056830681,-1.0853641431285517,unknown,occupied,1,
0.24981793085494516,4.3109999999999999,-16.451800878109289,0.91661417121444755,6.3110000000000008,-16.502786076358969,-1.084035595846385,unknown,occupied,1,
0.2997815170259342,4.3110000000000008,-16.402756609342468,0.91783899896530252,6.3109999999999999,-16.451702623825621,-1.0827598394662763,unknown,occupied,1,
0.3497451031969232,4.3109999999999999,-16.353703035308762,0.91901440406707247,6.3109999999999999,-16.400635548439002,-1.0815361853429324,unknown,occupied,1,
0.39970868936791226,4.3109999999999999,-16.30464000786003,0.92014099701788299,6.3109999999999999,-16.349584703850102,-1.0803639456647491,unknown,occupied,1,
0.44967227553890132,4.3109999999999999,-16.255567383401104,0.92121938845523976,6.3109999999999999,-16.298549948099947,-1.0792424334419168,unknown,occupied,1,
0.49963586170989033,4.3109999999999991,-16.206485022831281,0.92225018916990709,6.2610000000000001,-16.246504990548523,-1.0281604337031567,unknown,unknown,1,
0.54959944788087933,4.3109999999999999,-16.157392791485659,0.92323401011938089,6.3109999999999999,-16.19652815691386,-1.0771488474424402,unknown,occupied,1,
0.59956303405186839,4.3109999999999999,-16.108290559076291,0.92417146244100623,6.3110000000000008,-16.145540859034959,-1.0761754036917184,unknown,occupied,1,
0.64952662022285745,4.3109999999999999,-16.059178199633362,0.92506315746472589,6.3109999999999999,-16.09456912500249,-1.0752499474262269,unknown,occupied,1,
0.6994902063938464,4.3109999999999999,-16.010055591446157,0.92590970672544326,6.3109999999999999,-16.043612834013391,-1.0743717955958467,unknown,occupied,1,
0.74945379256483546,4.3109999999999991,-15.960922617004041,0.92671172197506957,6.3109999999999999,-15.992671869335693,-1.0735402659063631,unknown,occupied,1,
0.79941737873582452,4.3109999999999999,-15.911779162937265,0.92746981519416261,6.2109999999999994,-15.940247770488879,-0.97274345220924296,occupied,unknown,1,
0.84938096490681358,4.3109999999999999,-15.862625119957755,0.9281845986032512,6.3109999999999999,-15.890835472019385,-1.0720143474927213,unknown,occupied,1,
0.89934455107780265,4.3110000000000008,-15.81346038279983,0.92885668467380855,6.3109999999999999,-15.839939825787837,-1.0713185978704374,occupied,occupied,1,
0.94930813724879159,4.3109999999999999,-15.764284850160834,0.92948668613888108,6.3109999999999999,-15.789059078573624,-1.0706667485739283,unknown,occupied,1,
0.99927172341978066,4.3109999999999999,-15.715098424641727,0.93007521600336296,6.3109999999999999,-15.738193133191231,-1.0700581209426978,unknown,occupied,1,
1.0492353095907696,4.3109999999999999,-15.665901012687666,0.93062288755399047,6.3109999999999999,-15.687341896201753,-1.0694920370155612,unknown,occupied,1,
1.0991988957617587,4.3109999999999999,-15.616692524528466,0.93113031436896088,6.2110000000000003,-15.635514640191831,-0.96896291282754887,unknown,unknown,1,
1.1491624819327477,4.3109999999999991,-15.567472874119071,0.93159811032724915,6.3109999999999999,-15.585683192051487,-1.0684847918743579,unknown,occupied,1,
1.1991260681037368,4.3109999999999991,-15.518241979080019,0.93202688961761848,6.2110000000000003,-15.534043877395765,-0.9680388197699239,unknown,unknown,1,
1.2490896542747258,4.3109999999999999,-15.468999760637818,0.93241726674731573,6.2109999999999994,-15.483328164926871,-0.96763675963442597,unknown,unknown,1,
1.2990532404457149,4.3109999999999999,-15.419746143565355,0.93276985655045752,6.2110000000000003,-15.432625463237111,-0.9672737947573774,unknown,unknown,1,
1.349016826616704,4.3109999999999999,-15.370481056122248,0.93308527419612097,6.3109999999999999,-15.382538576242746,-1.0669510714214929,unknown,occupied,1,
1.3989804127876928,4.3109999999999999,-15.321204429995239,0.93336413519614081,6.2109999999999994,-15.331258807201941,-0.96666246738104811,unknown,unknown,1,
1.4489439989586819,4.3109999999999999,-15.271916200238488,0.93360705541261668,6.2110000000000003,-15.280594718719529,-0.96641276466374992,unknown,unknown,1,
1.4989075851296709,4.3109999999999999,-15.222616305213998,0.93381465106514916,6.2110000000000003,-15.229943372631347,-0.96619947675520435,unknown,unknown,1,
1.54887117130066,4.3109999999999999,-15.173304686531893,0.93398753873777018,6.2110000000000003,-15.179304709978721,-0.96602193499686506,unknown,unknown,1,
1.598834757471649,4.3110000000000008,-15.123981288990814,0.93412633538563283,6.2110000000000003,-15.128678674946853,-0.9658794712988672,unknown,unknown,1,
1.6487983436426381,4.3109999999999999,-15.074646060518283,0.9342316583414193,6.2610000000000001,-15.078155192553609,-1.0157714990938815,unknown,unknown,1,
1.6987619298136272,4.3109999999999999,-15.025298952111054,0.93430412532147877,6.2110000000000012,-15.027464279871273,-0.96569710853188717,unknown,unknown,1,
1.7487255159846162,4.3109999999999999,-14.975939917775522,0.93434435443173336,6.2110000000000003,-14.976875823415698,-0.96565587607334991,unknown,unknown,1,
1.7986891021556053,4.3109999999999999,-14.926568914468129,0.93435296417330327,6.2110000000000003,-14.926299801645484,-0.96564705488504232,unknown,unknown,1,
1.8486526883265941,4.3109999999999999,-14.877185902035798,0.93433057344792436,6.2110000000000003,-14.875736173628535,-0.96566997963422085,unknown,unknown,1,
1.8986162744975832,4.3109999999999999,-14.827790843156354,0.93427780156307438,6.2110000000000003,-14.825184901241562,-0.96572398552378658,unknown,unknown,1,
1.9485798606685723,4.3109999999999999,-14.77838370327906,0.93419526823692767,6.2110000000000003,-14.774645949114124,-0.96580840828746262,unknown,unknown,1,
1.9985434468395613,4.3109999999999999,-14.728964450565085,0.93408359360302284,6.2110000000000012,-14.72411928457254,-0.96592258418522303,unknown,unknown,1,
2.0485070330105501,4.3109999999999999,-14.679533055828051,0.9339433982147427,6.2110000000000003,-14.673604877583774,-0.96606584999888045,unknown,unknown,1,
2.0984706191815392,4.3109999999999999,-14.630089492474617,0.93377530304956591,6.2110000000000003,-14.623102700699324,-0.96623754302787934,unknown,unknown,1,
2.1484342053525283,4.3109999999999999,-14.580633736445105,0.93357992951310542,6.2110000000000003,-14.572612728999044,-0.96643700108526476,unknown,unknown,1,
2.1983977915235173,4.3109999999999999,-14.531165766154094,0.93335789944293568,6.2110000000000003,-14.522134940034904,-0.96666356249384888,unknown,unknown,1,
2.2483613776945064,4.3109999999999999,-14.481685562431169,0.93310983511222489,6.2110000000000003,-14.471669313774782,-0.96691656608254428,unknown,unknown,1,
2.2983249638654955,4.3109999999999999,-14.432193108461615,0.93283635923316977,6.2110000000000003,-14.421215832546169,-0.9671953511828757,unknown,unknown,1,
2.3482885500364845,4.3109999999999999,-14.382688389727189,0.93253809496022977,6.2110000000000003,-14.370774480979858,-0.96749925762567146,unknown,unknown,1,
2.3982521362074736,4.3109999999999999,-14.333171393946948,0.93221566589319194,6.2110000000000003,-14.320345245953625,-0.96782762573790926,unknown,unknown,1,
2.4482157223784626,4.2610000000000001,-14.284003005609723,0.981870998512136,6.2109999999999994,-14.269928116535839,-0.96817979633974216,occupied,unknown,1,
2.4981793085494517,4.2610000000000001,-14.234484150036531,0.98150228161862063,6.2109999999999994,-14.219523083929094,-0.96855511074168388,occupied,unknown,1,
2.5481428947204408,4.2610000000000001,-14.184952351534927,0.98111127854341607,6.2110000000000003,-14.169130141413788,-0.96895291074193179,occupied,unknown,1,
2.5981064808914298,4.2609999999999992,-14.135407606202575,0.98069861384438783,6.2110000000000003,-14.11874928429167,-0.96937253862387229,occupied,unknown,1,
2.6480700670624189,4.2610000000000001,-14.085849912078576,0.98026491256215198,6.2110000000000003,-14.068380509829364,-0.96981333715372686,occupied,unknown,1,
2.6980336532334079,4.2610000000000001,-14.036279269084558,0.97981080022213896,6.2110000000000003,-14.018023817201946,-0.97027464957831544,occupied,unknown,1,
2.747997239404397,4.2610000000000001,-13.986695678965642,0.97933690283644725,6.2109999999999994,-13.967679207436307,-0.9707558196230317,occupied,unknown,1,
2.7979608255753856,4.2609999999999992,-13.937099145231707,0.97884384690564441,6.2110000000000003,-13.917346683354749,-0.97125619148987385,occupied,unknown,1,
2.8479244117463747,4.2610000000000001,-13.887489673098489,0.97833225942034596,6.2110000000000003,-13.867026249518336,-0.97177510985566873,occupied,unknown,1,
2.8978879979173637,4.2610000000000001,-13.837867269428848,0.97780276786270837,6.2110000000000003,-13.816717912170351,-0.97231191987041266,occupied,unknown,1,
2.9478515840883528,4.2609999999999992,-13.788231942674068,0.97725600020777814,6.2110000000000003,-13.766421679179683,-0.97286596715572382,occupied,unknown,1,
2.9978151702593419,4.2609999999999992,-13.738583702815191,0.97669258492471389,6.2110000000000012,-13.71613755998421,-0.97343659780344405,occupied,unknown,1,
3.0477787564303309,4.2609999999999992,-13.688922561304404,0.97611315097789952,6.2110000000000003,-13.665865565534135,-0.97402315837433429,occupied,unknown,1,
3.09774234260132,4.2610000000000001,-13.639248531006508,0.97551832782793169,6.2110000000000003,-13.615605708235345,-0.97462499589691409,occupied,unknown,1,
3.147705928772309,4.2610000000000001,-13.589561626140394,0.97490874543251682,6.2110000000000003,-13.565358001892681,-0.97524145786637861,occupied,unknown,1,
3.1976695149432981,4.2609999999999992,-13.539861862220611,0.97428503424723922,6.2110000000000003,-13.515122461653265,-0.97587189224366133,occupied,unknown,1,
3.2476331011142872,4.2610000000000001,-13.490149255998951,0.97364782522624937,6.2110000000000003,-13.464899103949714,-0.97651564745456954,occupied,unknown,1,
3.2975966872852762,4.261000000000001,-13.440423825406123,0.97299774982286003,6.2110000000000003,-13.414687946443438,-0.97717207238903625,occupied,unknown,1,
3.3475602734562653,4.2610000000000001,-13.390685589493422,0.97233543999003935,6.2109999999999994,-13.364489007967792,-0.97784051640046721,occupied,unknown,1,
3.3975238596272543,4.3109999999999999,-13.340251689915466,0.92165686516836964,6.2110000000000003,-13.314302308471323,-0.97852032930516986,unknown,unknown,1,
3.4474874457982434,4.3109999999999999,-13.290477375110664,0.92097183943252081,6.2109999999999994,-13.264127868960891,-0.97921086138188596,unknown,unknown,1,
3.4974510319692325,4.261000000000001,-13.241394255935381,0.970281430947741,6.2110000000000003,-13.213965711444825,-0.97991146337139967,occupied,unknown,1,
3.5474146181402215,4.2610000000000001,-13.191605009630669,0.96957651293298919,6.2110000000000003,-13.163815858876037,-0.98062148647621539,occupied,unknown,1,
3.5973782043112106,4.2610000000000001,-13.141803068034651,0.96886252776043147,6.2109999999999994,-13.113678335095102,-0.981340282360331,occupied,unknown,1,
3.6473417904821992,4.3109999999999999,-13.091259345676926,0.9181347946554379,6.2110000000000003,-13.063553164773321,-0.98206720314907581,unknown,unknown,1,
3.6973053766531883,4.2610000000000001,-13.042161197896041,0.96740989627124963,6.2110000000000003,-13.013440373355721,-0.98280160142900663,occupied,unknown,1,
3.7472689628241773,4.2609999999999992,-12.992321320543818,0.96667252137197079,6.1610000000000005,-12.964083098120499,-0.93353730841147498,occupied,unknown,1,
3.7972325489951664,4.2610000000000001,-12.942468850165218,0.96592862214945985,6.1610000000000005,-12.914001181709807,-0.93428463118483074,occupied,unknown,1,
3.8471961351661554,4.2609999999999992,-12.892603813821623,0.96517883556471917,6.1609999999999996,-12.86393108293694,-0.93503750093394022,occupied,unknown,1,
3.8971597213371445,4.2609999999999992,-12.842726239056814,0.96442379907943343,6.1610000000000005,-12.813872829760644,-0.93579527229839465,occupied,unknown,1,
3.9471233075081336,4.3109999999999999,-12.792072740596756,0.91365832299760563,6.1610000000000005,-12.763826450626427,-0.93655730035473539,unknown,unknown,1,
3.9970868936791226,4.3109999999999999,-12.742166701975268,0.9128946479832255,6.1609999999999996,-12.713791974409371,-0.93732294061667654,unknown,unknown,1,
4.0470504798501112,4.3109999999999999,-12.692248851608108,0.91212764809636293,6.1609999999999996,-12.663769430356933,-0.93809154903537162,unknown,unknown,1,
4.0970140660211003,4.3109999999999999,-12.642319218408892,0.91135796290844329,6.1610000000000005,-12.613758848031653,-0.93886248199969946,unknown,unknown,1,
4.1469776521920894,4.3109999999999999,-12.592377831486871,0.9105862324657209,6.1610000000000005,-12.563760257253906,-0.93963509633658759,unknown,unknown,1,
4.1969412383630784,4.3109999999999991,-12.542424720089317,0.90981309728898474,6.1610000000000005,-12.513773688044504,-0.94040874931137231,unknown,unknown,1,
4.2469048245340675,4.3109999999999991,-12.492459913543998,0.90903919837327785,6.1610000000000005,-12.463799170567388,-0.94118279862815646,unknown,unknown,1,
4.2968684107050565,4.3109999999999999,-12.44248344120167,0.90826517718760091,6.1609999999999996,-12.413836735072184,-0.94195660243020218,unknown,unknown,1,
4.3468319968760456,4.3109999999999999,-12.392495332378543,0.90749167567462752,6.1610000000000005,-12.363886411836743,-0.942729519300332,unknown,unknown,1,
4.3967955830470347,4.3109999999999999,-12.34249561629885,0.90671933625043177,6.1609999999999996,-12.313948231109654,-0.94350090826132416,unknown,unknown,1,
4.4467591692180237,4.3110000000000008,-12.292484322037378,0.90594880180420834,6.1609999999999996,-12.264022223052685,-0.94427012877633565,unknown,unknown,1,
4.4967227553890128,4.3109999999999999,-12.242461478462074,0.90518071569803982,6.1609999999999996,-12.214108417683207,-0.94503654074930254,unknown,unknown,1,
4.5466863415600018,4.3109999999999999,-12.192427114176619,0.90441572176664942,6.1609999999999996,-12.164206844816535,-0.94579950452535044,unknown,unknown,1,
4.5966499277309909,4.3109999999999999,-12.142381257463091,0.90365446431722218,6.1610000000000005,-12.114317534008272,-0.94655838089117483,unknown,unknown,1,
4.64661351390198,4.3109999999999999,-12.092323936224574,0.90289758812921161,6.1609999999999996,-12.064440514496539,-0.94731253107543223,unknown,unknown,1,
4.696577100072969,4.3109999999999999,-12.04225517792784,0.90214573845421364,6.1609999999999996,-12.014575815144205,-0.94806131674909699,unknown,unknown,1,
4.7465406862439581,4.3109999999999999,-11.992175009546038,0.90139956101586549,6.1610000000000005,-11.964723464381047,-0.94880410002579041,unknown,unknown,1,
4.7965042724149471,4.3109999999999999,-11.942083457501363,0.90065970200977818,6.1610000000000005,-11.914883490145833,-0.94954024346210086,unknown,unknown,1,
4.8464678585859362,4.3109999999999999,-11.891980547607815,0.89992680810354597,6.1609999999999996,-11.865055919828418,-0.95026911005784187,unknown,unknown,1,
4.8964314447569253,4.3109999999999999,-11.84186630501387,0.89920152643676543,6.1609999999999996,-11.815240780211681,-0.95099006325631064,unknown,unknown,1,
4.9463950309279143,4.3109999999999999,-11.791740754145282,0.89848450462115392,6.1610000000000005,-11.765438097413519,-0.95170246694446381,unknown,unknown,1,
4.9963586170989034,4.3109999999999999,-11.741603918647796,0.89777639074068882,6.1609999999999996,-11.715647896828688,-0.95240568545307669,unknown,unknown,1,
5.0463222032698924,4.3109999999999999,-11.691455821329926,0.89707783335183755,6.1609999999999996,-11.665870203070643,-0.95309908355684214,unknown,unknown,1,
5.0962857894408815,4.3109999999999999,-11.641296484105716,0.89638948148383735,6.1609999999999996,-11.616105039913277,-0.95378202647441113,unknown,unknown,1,
5.1462493756118706,4.3109999999999999,-11.591125927937554,0.89571198463907009,6.1609999999999996,-11.566352430232651,-0.95445387986836216,unknown,unknown,1,
5.1962129617828596,4.3109999999999999,-11.540944172778945,0.89504599279348707,6.1610000000000005,-11.516612395948611,-0.95511400984512873,unknown,unknown,1,
5.2461765479538487,4.3109999999999999,-11.490751237517312,0.89439215639712677,6.1609999999999996,-11.466884957966366,-0.9557617829548406,unknown,unknown,1,
5.2961401341248378,4.3109999999999999,-11.440547139916816,0.89375112637472598,6.1610000000000005,-11.417170136118008,-0.95639656619109004,unknown,unknown,1,
5.3461037202958268,4.3109999999999999,-11.390331896561152,0.8931235541264031,6.1609999999999996,-11.367467949103933,-0.95701772699061571,unknown,unknown,1,
5.3960673064668159,4.3109999999999999,-11.340105522796389,0.89251009152844618,6.1610000000000005,-11.317778414434253,-0.95762463323291946,unknown,unknown,1,
5.4460308926378049,4.3109999999999999,-11.289868032673789,0.89191139093419114,6.1610000000000005,-11.268101548370097,-0.95821665323976413,unknown,unknown,1,
5.495994478808794,4.3109999999999999,-11.239619438892625,0.89132810517500372,6.1610000000000005,-11.218437365864853,-0.95879315577460067,unknown,unknown,1,
5.5459580649797831,4.3109999999999999,-11.189359752743028,0.89076088756136873,6.1609999999999996,-11.168785880505355,-0.95935351004188485,unknown,unknown,1,
5.5959216511507712,4.3109999999999999,-11.139092891184477,0.89021038397827734,6.1609999999999996,-11.119142891468144,-0.95989718113481104,unknown,unknown,1,
5.6458852373217603,4.3109999999999999,-11.088830791837514,0.88967677356213504,6.1610000000000005,-11.069495517186642,-0.9604242649884156,unknown,unknown,1,
5.6958488234927493,4.3109999999999999,-11.038574266096788,0.88915977132917134,6.1610000000000005,-11.019842841441319,-0.96093505496207166,unknown,unknown,1,
5.7458124096637384,4.3109999999999999,-10.988323295165989,0.88865907821158818,6.1610000000000005,-10.970184843533227,-0.96142983949686511,unknown,unknown,1,
5.7957759958347275,4.3109999999999999,-10.93807786088486,0.88817439519913899,6.1610000000000005,-10.92052150345533,-0.96190890716489097,unknown,unknown,1,
5.8457395820057165,4.3109999999999999,-10.88783794571752,0.88770542333981084,6.1609999999999996,-10.870852801880467,-0.96237254666879468,unknown,unknown,1,
5.8957031681767056,4.3109999999999999,-10.837603532740793,0.8872518637405219,6.1609999999999996,-10.821178720149359,-0.96282104684129166,unknown,unknown,1,
5.9456667543476946,4.3109999999999999,-10.787374605632532,0.88681341756782861,6.1609999999999996,-10.771499240258573,-0.96325469664466057,unknown,unknown,1,
5.9956303405186837,4.3109999999999991,-10.737151148659873,0.88638978604866825,6.1610000000000005,-10.721814344848475,-0.96367378517021074,unknown,unknown,1,
6.0455939266896728,4.3109999999999999,-10.686933146667522,0.88598067047110318,6.1109999999999998,-10.672524263933779,-0.91407699968883793,unknown,unknown,1,
6.0955575128606618,4.3109999999999999,-10.636720585066007,0.88558577218510204,6.1610000000000005,-10.622428241178469,-0.96446943539487706,unknown,unknown,1,
6.1455210990316509,4.3109999999999999,-10.586513449819886,0.88520479260331586,6.1109999999999998,-10.573099608026226,-0.91484518757825217,unknown,unknown,1,
6.19548468520264,4.3109999999999999,-10.536311727436004,0.8848374332019,6.1109999999999998,-10.523379510916538,-0.9152090223719852,unknown,unknown,1,
6.245448271373629,4.2610000000000001,-10.4864615491134,0.9344845936647711,6.1110000000000007,-10.473654215128974,-0.9155597376429383,occupied,unknown,1,
6.2954118575446181,4.2610000000000001,-10.436257824449868,0.93414349240726746,6.1110000000000007,-10.423923706948459,-0.91589762347490056,occupied,unknown,1,
6.3453754437156071,4.2610000000000001,-10.386059769778731,0.93381512130795064,6.1110000000000007,-10.374187973217701,-0.91622297007113918,occupied,unknown,1,
6.3953390298865962,4.2610000000000001,-10.335867373690215,0.93349918188481928,6.1110000000000007,-10.324447001325042,-0.9165360677536738,occupied,unknown,1,
6.4453026160575853,4.2610000000000001,-10.285680625256271,0.93319537572881162,6.1109999999999998,-10.274700779192363,-0.91683720696252802,occupied,unknown,1,
6.4952662022285743,4.2610000000000001,-10.235499514018708,0.93290340450472364,6.1110000000000007,-10.224949295262938,-0.91712667825495875,occupied,unknown,1,
6.5452297883995634,4.2610000000000001,-10.185324029977291,0.93262296995211547,6.1110000000000007,-10.175192538489277,-0.91740477230467965,occupied,unknown,1,
6.5951933745705524,4.2610000000000001,-10.13515416357788,0.93235377388626073,6.1109999999999998,-10.125430498320998,-0.91767177990104465,occupied,unknown,1,
6.6451569607415415,4.2610000000000001,-10.084989905700498,0.93209551819909764,6.1109999999999998,-10.075663164692653,-0.91792799194822683,occupied,unknown,1,
6.6951205469125306,4.261000000000001,-10.034831247647432,0.93184790486018576,6.1109999999999998,-10.025890528011583,-0.91817369946437011,occupied,unknown,1,
6.7450841330835196,4.2609999999999992,-9.9846781811312848,0.93161063591769266,6.1110000000000007,-9.9761125791457186,-0.91840919358073125,occupied,unknown,1,
6.7950477192545087,4.2610000000000001,-9.9345306982630515,0.93138341349938392,6.1110000000000007,-9.9263293094114395,-0.91863476554078349,occupied,unknown,1,
6.8450113054254977,4.2610000000000001,-9.8843887915401574,0.93116593981362417,6.1109999999999998,-9.8765407105613736,-0.91885070669933266,occupied,unknown,1,
6.8949748915964868,4.2610000000000001,-9.8342524538344822,0.93095791715039522,6.1110000000000007,-9.8267467747722055,-0.91905730852159551,occupied,unknown,1,
6.9449384777674759,4.261000000000001,-9.7841216783804139,0.93075904788231945,6.1110000000000007,-9.7769474946325143,-0.91925486258226052,unknown,unknown,1,
6.9949020639384649,4.2610000000000001,-9.7339964587628494,0.93056903446571348,6.1109999999999998,-9.7271428631305668,-0.91944366056453652,unknown,unknown,1,
7.044865650109454,4.2610000000000001,-9.6838767889051773,0.93038757944160655,6.1110000000000007,-9.6773328736420972,-0.91962399425920971,occupied,unknown,1,
7.094829236280443,4.2610000000000001,-9.6337626630573236,0.93021438543683821,6.1110000000000007,-9.6275175199181522,-0.91979615556362615,occupied,unknown,1,
7.1447928224514321,4.261000000000001,-9.5836540757836861,0.93004915516510356,6.1109999999999998,-9.5776967960728427,-0.91996043648072112,occupied,unknown,1,
7.1947564086224212,4.261000000000001,-9.5335510219511512,0.92989159142803623,6.1109999999999998,-9.5278706965711724,-0.92011712911801014,occupied,unknown,1,
7.2447199947934093,4.2609999999999992,-9.4834534967170505,0.92974139711630821,6.1110000000000007,-9.4780392162168177,-0.92026652568654788,occupied,unknown,1,
7.2946835809643984,4.2610000000000001,-9.4333614955171079,0.92959827521071114,6.1110000000000007,-9.4282023501398999,-0.92040891849990369,occupied,unknown,1,
7.3446471671353875,4.2610000000000001,-9.3832750140534138,0.92946192878327816,6.1109999999999998,-9.3783600937848046,-0.92054459997310611,occupied,unknown,1,
7.3946107533063765,4.2610000000000001,-9.3331940482823725,0.92933206099838828,6.1110000000000007,-9.3285124428979529,-0.92067386262158157,occupied,unknown,1,
7.4445743394773656,4.2610000000000001,-9.2831185944026284,0.92920837511389043,6.1109999999999998,-9.2786593935155945,-0.9207969990600734,occupied,unknown,1,
7.4945379256483546,4.2609999999999992,-9.2330486488429955,0.92909057448223065,6.1110000000000007,-9.2288009419515724,-0.92091430200156865,occupied,occupied,1,
7.5445015118193437,4.2610000000000001,-9.1829842082504101,0.92897836255159183,6.1109999999999998,-9.1789370847851472,-0.9210260642561765,occupied,occupied,1,
7.5944650979903328,4.2609999999999992,-9.1329252694778269,0.92887144286703016,6.1110000000000007,-9.1290678188487586,-0.92113257873004706,occupied,occupied,1,
7.6444286841613218,4.2609999999999992,-9.0828718295721345,0.92876951907162208,6.1110000000000007,-9.0791931412158018,-0.92123413842422874,occupied,occupied,1,
7.6943922703323109,4.2610000000000001,-9.0328238857620846,0.92867229490762415,6.1109999999999998,-9.0293130491884526,-0.92133103643355063,occupied,occupied,1,
7.7443558565032999,4.2610000000000001,-8.9827814354461726,0.92857947421762588,6.1110000000000007,-8.9794275402854176,-0.92142356594548491,occupied,occupied,1,
7.794319442674289,4.2609999999999992,-8.9327444761805506,0.92849076094570637,6.1109999999999998,-8.9295366122297466,-0.92151202023899448,occupied,occupied,1,
7.8442830288452781,4.2610000000000001,-8.8827130056669255,0.92840585913861318,6.1109999999999998,-8.8796402629366256,-0.92159669268338018,occupied,occupied,1,
7.8942466150162671,4.2609999999999992,-8.8326870217404334,0.92832447294692155,6.1110000000000007,-8.8297384905011533,-0.92167787673711921,occupied,occupied,1,
7.9442102011872562,4.261000000000001,-8.7826665223575553,0.92824630662621666,6.1109999999999998,-8.7798312931861702,-0.92175586594668368,occupied,occupied,1,
7.9941737873582452,4.2610000000000001,-8.7326515055839664,0.92817106453826737,6.1110000000000007,-8.7299186694100204,-0.92183095394537595,occupied,occupied,1,
8.0441373735292334,4.2610000000000001,-8.6826419695824413,0.9280984511521928,6.1109999999999998,-8.6800006177343825,-0.92190343445213918,occupied,occupied,1,
8.0941009597002225,4.2610000000000001,-8.6326379126007229,0.92802817104566449,6.1109999999999998,-8.6300771368520621,-0.92197360127036065,occupied,occupied,1,
8.1440645458712115,4.2610000000000001,-8.5826393329594026,0.9279599289060726,6.1109999999999998,-8.5801482255748169,-0.9220417482866804,occupied,occupied,1,
8.1940281320422006,4.2609999999999992,-8.532646229039786,0.9278934295317155,6.1110000000000007,-8.5302138828211529,-0.92210816946979068,occupied,occupied,1,
8.2439917182131897,4.2610000000000001,-8.4826585992717707,0.927828377832981,6.1109999999999998,-8.480274107604151,-0.92217315886922147,occupied,occupied,1,
8.2939553043841787,4.2610000000000001,-8.4326764421217124,0.92776447883353608,6.1109999999999998,-8.4303288990192993,-0.9222370106141391,occupied,occupied,1,
8.3439188905551678,4.261000000000001,-8.3826997560803012,0.92770143767150048,6.1109999999999998,-8.3803782562323139,-0.92230001891212665,occupied,occupied,1,
8.3938824767261568,4.2610000000000001,-8.3327285396503843,0.92763895960064136,6.1110000000000007,-8.3304221784669359,-0.9223624780479649,occupied,occupied,1,
8.4438460628971459,4.2609999999999992,-8.2827627913349087,0.92757674999155193,6.1109999999999998,-8.2804606649928463,-0.92242468238240583,occupied,occupied,1,
8.493809649068135,4.2610000000000001,-8.2328025096247277,0.92751451433282128,6.1109999999999998,-8.2304937151134538,-0.9224869263509673,occupied,occupied,1,
8.543773235239124,4.2610000000000001,-8.1828476929865062,0.92745195823223958,6.1110000000000007,-8.1805213281537785,-0.92254950446267769,occupied,occupied,1,
8.5937368214101131,4.2609999999999992,-8.1328983398505379,0.92738878741794084,6.1110000000000007,-8.1305435034482656,-0.92261271129888045,occupied,occupied,1,
8.6437004075811021,4.3109999999999999,-8.0828897402670474,0.87732466586793911,6.1109999999999998,-8.0805602403287065,-0.92267684151197515,occupied,occupied,1,
8.6936639937520912,4.2610000000000001,-8.0330160175521037,0.92725942516960413,6.1109999999999998,-8.0305715381120546,-0.92274218982421319,occupied,occupied,1,
8.7436275799230803,4.2610000000000001,-7.9830830449593417,0.92719264580419658,6.1109999999999998,-7.9805773960883535,-0.92280905102644828,occupied,occupied,1,
8.7935911660940693,4.2610000000000001,-7.9331555289839839,0.92712407586466272,6.1110000000000007,-7.9305778135085845,-0.92287771997691814,occupied,occupied,1,
8.8435547522650584,4.2609999999999992,-7.883233467692647,0.92705342169847793,6.1110000000000007,-7.8805727895725859,-0.92294849160000858,occupied,occupied,1,
8.8935183384360474,4.2610000000000001,-7.8333168590428119,0.92698038978045771,6.1110000000000007,-7.8305623234169417,-0.92302166088503113,occupied,occupied,1,
8.9434819246070365,4.2610000000000001,-7.7834057008707189,0.92690468671391424,6.1109999999999998,-7.7805464141029033,-0.92309752288498748,occupied,occupied,1,
8.9934455107780256,4.2609999999999992,-7.7334999908792286,0.92682601923178454,6.1110000000000007,-7.7305250606042986,-0.9231763727153568,occupied,occupied,1,
9.0434090969490146,4.2610000000000001,-7.6835997266257188,0.92674409419777315,6.1110000000000007,-7.6804982617954725,-0.92325850555285849,occupied,occupied,1,
9.0933726831200037,4.2610000000000001,-7.6337049055099531,0.92665861860748278,6.1109999999999998,-7.6304660164392155,-0.92334421663423938,occupied,occupied,1,
9.1433362692909927,4.261000000000001,-7.5838155247619836,0.92656929958952738,6.1109999999999998,-7.5804283231747185,-0.92343380125506047,occupied,occupied,1,
9.1932998554619818,4.2610000000000001,-7.5339315814300312,0.92647584440664654,6.1109999999999998,-7.530385180505526,-0.92352755476847848,occupied,occupied,1,
9.2432634416329709,4.2609999999999992,-7.484053072368396,0.92637796045681742,6.1109999999999998,-7.4803365867875167,-0.92362577258403045,occupied,occupied,1,
9.2932270278039599,4.2610000000000001,-7.434179994225337,0.9262753552743368,6.1109999999999998,-7.4302825402168624,-0.92372875016644451,occupied,occupied,1,
9.343190613974949,4.3109999999999999,-7.384201821684707,0.87616761438051105,6.1109999999999998,-7.3802230388180456,-0.92383678303442285,occupied,occupied,1,
9.393154200145938,4.3109999999999999,-7.3343341152190122,0.87605467747472876,6.1109999999999998,-7.3301580804318354,-0.92395016675945896,occupied,occupied,1,
9.4431177863169271,4.2610000000000001,-7.2845933084459258,0.92593628974169739,6.1109999999999998,-7.2800876627033135,-0.92406919696464129,occupied,occupied,1,
9.4930813724879162,4.261000000000001,-7.2347419159160777,0.92581187773603235,6.1109999999999998,-7.2300117830699095,-0.92419416932347376,occupied,occupied,1,
9.5430449586589052,4.2610000000000001,-7.1848959340325855,0.92568128425184049,6.1109999999999998,-7.1799304387494098,-0.92432537955869987,occupied,occupied,1,
9.5930085448298943,4.2609999999999992,-7.1350553579537523,0.92554421766386696,6.1110000000000007,-7.1298436267280421,-0.92446312344112747,occupied,occupied,1,
9.6429721310008834,4.261000000000001,-7.0852201825473058,0.9254003864905731,6.1109999999999998,-7.0797513437485105,-0.92460769678847166,occupied,occupied,1,
9.6929357171718724,4.2610000000000001,-7.0353904023783516,0.92524949939515189,6.1109999999999998,-7.0296535862980853,-0.92475939546420449,occupied,occupied,1,
9.7428993033428615,4.2610000000000001,-6.9855660116973297,0.92509126518652862,6.1110000000000007,-6.9795503505966963,-0.9249185153763958,occupied,occupied,1,
9.7928628895138505,4.3109999999999999,-6.9355765889727614,0.87492510240690669,6.1109999999999998,-6.9294416325850241,-0.92508535247658596,occupied,occupied,1,
9.8428264756848396,4.2610000000000001,-6.8859333741552957,0.92475159139989627,6.1109999999999998,-6.8793274279126289,-0.92526020275865972,occupied,occupied,1,
9.8927900618558287,4.2609999999999992,-6.8361251141135408,0.92456957017717512,6.1110000000000007,-6.8292077319260756,-0.92544336225771173,occupied,occupied,1,
9.9427536480268177,4.261000000000001,-6.7863222171741997,0.92437903855371739,6.1109999999999998,-6.7790825396570833,-0.92563512704895401,occupied,occupied,1,
9.9927172341978068,4.2609999999999992,-6.7365246758339952,0.92417970608158861,6.1109999999999998,-6.7289518458106876,-0.92583579324660981,occupied,occupied,1,
10.042680820368796,4.261000000000001,-6.6867324822029017,0.9239712824642744,6.1109999999999998,-6.6788156447534259,-0.92604565700282115,occupied,occupied,1,
10.092644406539785,4.2610000000000001,-6.636945627992147,0.92375347755758841,6.1109999999999998,-6.6286739305015168,-0.9262650145065785,occupied,occupied,1,
10.142607992710774,4.2610000000000001,-6.5871641045022393,0.92352600137054297,6.1109999999999998,-6.578526696709071,-0.92649416198265278,occupied,occupied,1,
10.192571578881763,4.2609999999999992,-6.5373879026110302,0.92328856406622095,6.1110000000000007,-6.5283739366563385,-0.92673339569053659,occupied,occupied,1,
10.242535165052752,4.2609999999999992,-6.4876170127617332,0.92304087596261919,6.1110000000000007,-6.4782156432379248,-0.92698301192340604,occupied,occupied,1,
10.292498751223741,4.2610000000000001,-6.4378514249510106,0.92278264753347961,6.1109999999999998,-6.4280518089510723,-0.92724330700708968,occupied,occupied,1,
10.34246233739473,4.261000000000001,-6.3880911287170239,0.92251358940909878,6.1109999999999998,-6.3778824258839251,-0.92751457729905495,occupied,occupied,1,
10.392425923565719,4.2610000000000001,-6.3383361131275331,0.92223341237712242,6.1110000000000007,-6.3277074857038293,-0.92779711918740082,occupied,occupied,1,
10.442389509736708,4.2610000000000001,-6.2885863667679889,0.92194182738331665,6.1109999999999998,-6.2775269796456517,-0.92809122908987041,occupied,occupied,1,
10.492353095907697,4.2610000000000001,-6.2388418777296391,0.92163854553232449,6.1109999999999998,-6.2273408985001035,-0.92839720345287757,occupied,occupied,1,
10.542316682078686,4.2610000000000001,-6.1891026335976678,0.92132327808840808,6.1110000000000007,-6.17714923260211,-0.92871533875053813,occupied,occupied,1,
10.592280268249676,4.2610000000000001,-6.1393686214393099,0.92099573647614541,6.1110000000000007,-6.126951971819163,-0.92904593148373926,occupied,occupied,1,
10.642243854420665,4.2610000000000001,-6.0896398277920127,0.92065563228114711,6.1109999999999998,-6.0767491055397169,-0.92938927817918704,occupied,occupied,1,
10.692207440591654,4.261000000000001,-6.0399162386516165,0.92030267725071246,6.1109999999999998,-6.0265406226616207,-0.92974567538851216,occupied,occupied,1,
10.742171026762643,4.2610000000000001,-5.9901978394604987,0.91993658329448924,6.1110000000000007,-5.9763265115805106,-0.93011541968736122,occupied,occupied,1,
10.792134612933632,4.2610000000000001,-5.9404846150958139,0.91955706248510116,6.1109999999999998,-5.9261067601783095,-0.93049880767450766,occupied,occupied,1,
10.842098199104621,4.261000000000001,-5.8907765498576738,0.9191638270587531,6.1109999999999998,-5.8758813558116714,-0.93089613597100385,occupied,occupied,1,
10.89206178527561,4.2610000000000001,-5.8410736274573862,0.9187565894158245,6.1109999999999998,-5.8256502853004823,-0.93130770121931095,occupied,occupied,1,
10.942025371446599,4.2610000000000001,-5.7913758310057064,0.91833506212142135,6.1109999999999998,-5.7754135349163969,-0.93173380008248075,occupied,occupied,1,
10.991988957617588,4.2609999999999992,-5.741683143001084,0.91789895790592058,6.1109999999999998,-5.7251710903713562,-0.93217472924333655,occupied,occupied,1,
11.041952543788577,4.2610000000000001,-5.691995514722259,0.91744798942980677,6.1109999999999998,-5.6749229679082074,-0.93263078507000263,occupied,occupied,1,
11.091916129959566,4.2610000000000001,-5.6423079316622884,0.91698192212823115,6.1109999999999998,-5.6246742357661113,-0.93310211575517199,occupied,occupied,1,
11.141879716130555,4.2610000000000001,-5.5926167580983002,0.91650084021223255,6.1110000000000007,-5.574428577901668,-0.93358856570815885,occupied,occupied,1,
11.191843302301542,4.2609999999999992,-5.5429219968786798,0.91600492049959081,6.1109999999999998,-5.5241859838401401,-0.93408995225277236,occupied,occupied,1,
11.241806888472532,4.261000000000001,-5.4932236510305348,0.91549433949753523,6.1109999999999998,-5.4739464436528671,-0.93460609310721399,occupied,occupied,1,
11.291770474643521,4.2609999999999992,-5.4435217237551496,0.91496927341238221,6.1110000000000007,-5.4237099479515214,-0.93513680637344876,occupied,occupied,1,
11.34173406081451,4.2610000000000001,-5.3938162184234439,0.914429898159132,6.1110000000000007,-5.3734764878824084,-0.93568191052662519,occupied,occupied,1,
11.391697646985499,4.2609999999999992,-5.3441071385715171,0.91387638937105065,6.1110000000000007,-5.3232460551209186,-0.93624122440455371,occupied,occupied,1,
11.441661233156488,4.2610000000000001,-5.294394487896227,0.91330892240920469,6.1109999999999998,-5.2730186418660612,-0.93681456719723355,occupied,occupied,1,
11.491624819327477,4.2610000000000001,-5.2446782702508097,0.91272767237199159,6.1110000000000007,-5.2227942408350998,-0.93740175843642348,occupied,occupied,1,
11.541588405498466,4.2610000000000001,-5.1949584896405359,0.91213281410461977,6.1609999999999996,-5.171967827842531,-0.98800627831201404,occupied,occupied,1,
11.591551991669455,4.2609999999999992,-5.1452351502184239,0.9115245222085897,6.3109999999999999,-5.1198808595390295,-1.1386322620534959,occupied,occupied,1,
11.641515577840444,4.2610000000000001,-5.0955082562809819,0.91090297105112439,6.3109999999999999,-5.0696126448019641,-1.1392605791794104,occupied,occupied,1,
11.691479164011433,4.2609999999999992,-5.0457778122639994,0.91026833477461444,6.3110000000000008,-5.0193481250742575,-1.139902030918186,occupied,occupied,1,
11.741442750182422,4.261000000000001,-4.9960438227383488,0.90962078730600315,6.3109999999999999,-4.9690872945775366,-1.1405564378163722,occupied,occupied,1,
11.791406336353411,4.2610000000000001,-4.9463062924058603,0.9089605023661943,6.3110000000000008,-4.9188301480600494,-1.1412236207086373,occupied,occupied,1,
11.8413699225244,4.2609999999999992,-4.8965652260952055,0.90828765347940532,6.3109999999999999,-4.8685766807918682,-1.1419034007075453,occupied,occupied,1,
11.891333508695389,4.2610000000000001,-4.8468206287578184,0.90760241398253572,6.3110000000000008,-4.8183268885601898,-1.1425955991933749,occupied,occupied,1,
11.941297094866378,4.2610000000000001,-4.7970725054638548,0.90690495703451302,6.3109999999999999,-4.7680807676647259,-1.1433000378039571,occupied,occupied,1,
11.991260681037367,4.2610000000000001,-4.7473208613981752,0.90619545562561787,6.3109999999999999,-4.7178383149131848,-1.1440165384245682,occupied,occupied,1,
12.041224267208356,4.2610000000000001,-4.6975657018563677,0.90547408258680784,6.3109999999999999,-4.6675995276168392,-1.1447449231778326,occupied,occupied,1,
12.091187853379346,4.2610000000000001,-4.6478070322396769,0.90474101059901357,6.3109999999999999,-4.6173644035850669,-1.1454850144136925,occupied,occupied,1,
12.141151439550335,4.2610000000000001,-4.5980448580554629,0.9039964122025137,6.3109999999999999,-4.5671329411255108,-1.1462366346992974,occupied,occupied,1,
12.191115025721324,4.2610000000000001,-4.5482791849067379,0.90324045980613787,6.3109999999999999,-4.5169051390332848,-1.146999606809104,occupied,occupied,1,
12.241078611892313,4.2610000000000001,-4.4985100184926274,0.90247332569662231,6.3109999999999999,-4.4666809965912648,-1.1477737537148316,occupied,occupied,1,
12.291042198063302,4.2610000000000001,-4.4487373646032404,0.90169518204789101,6.3109999999999999,-4.4164605135647923,-1.1485588985755224,occupied,occupied,1,
12.341005784234291,4.2610000000000001,-4.3989612291164466,0.90090620093034945,6.3109999999999999,-4.366243690198357,-1.149354864727596,occupied,occupied,1,
12.39096937040528,4.2610000000000001,-4.3491816179934339,0.90010655432017883,6.3109999999999999,-4.3160305272111215,-1.1501614756749377,occupied,occupied,1,
12.440932956576269,4.2610000000000001,-4.2993985372751338,0.89929641410862704,6.3110000000000008,-4.2658210257933584,-1.1509785550789973,occupied,occupied,1,
12.490896542747258,4.2610000000000001,-4.2496119930783989,0.89847595211130771,6.3109999999999999,-4.2156151876027179,-1.151805926748902,occupied,occupied,1,
12.540860128918247,4.2609999999999992,-4.1998219915922759,0.89764534007750729,6.3110000000000008,-4.1654130147606416,-1.1526434146315956,occupied,occupied,1,
12.590823715089236,4.2610000000000001,-4.1500285390742375,0.89680474969948842,6.3109999999999999,-4.1152145098487889,-1.1534908428019712,occupied,occupied,1,
12.640787301260225,4.2610000000000001,-4.100231641846432,0.89595435262181544,6.3110000000000008,-4.0650196759055515,-1.1543480354530327,occupied,occupied,1,
12.690750887431214,4.2610000000000001,-4.0504313062919843,0.89509432045067627,6.3109999999999999,-4.0148285164226749,-1.1552148168860519,occupied,occupied,1,
12.740714473602203,4.2609999999999992,-4.0006275388512655,0.89422482476322029,6.3110000000000008,-3.9646410353419013,-1.1560910115007526,occupied,occupied,1,
12.790678059773192,4.2610000000000001,-3.9508203460181894,0.89334603711691718,6.3110000000000008,-3.9144572370517134,-1.1569764437854679,occupied,occupied,1,
12.840641645944181,4.2609999999999992,-3.9010097343365242,0.89245812905891297,6.3109999999999999,-3.8642771263841436,-1.1578709383073436,occupied,occupied,1,
12.890605232115171,4.2609999999999992,-3.8511957103961989,0.89156127213541359,6.3110000000000008,-3.8141007086116416,-1.1587743197025182,occupied,occupied,1,
12.94056881828616,4.2610000000000001,-3.8013782808296277,0.89065563790108804,6.1609999999999996,-3.7666682546673602,-1.0096613845759996,occupied,occupied,1,
12.990532404457149,4.2610000000000001,-3.7515574523080226,0.88974139792847917,6.1109999999999998,-3.7174466313457155,-0.9605730478095208,occupied,occupied,1,
13.040495990628138,4.2610000000000001,-3.7017332315377325,0.8888187238174442,6.1110000000000007,-3.6673146045760974,-0.96150142196326016,occupied,occupied,1,
13.090459576799127,4.2610000000000001,-3.6519056252565623,0.88788778720461392,6.0609999999999999,-3.6181239820556312,-0.91242918472487178,occupied,occupied,1,
13.140423162970116,4.261000000000001,-3.6020746402301129,0.88694875977287857,6.0609999999999999,-3.5680059857299682,-0.9133736205855526,occupied,occupied,1,
13.190386749141105,4.2609999999999992,-3.552240283248103,0.88600181326089045,6.0609999999999999,-3.5178908564835867,-0.91432590221733667,occupied,occupied,1,
13.240350335312094,4.2610000000000001,-3.502402561120709,0.8850471194726004,6.1109999999999998,-3.4668168257806378,-0.96529510416055586,occupied,occupied,1,
13.290313921483083,4.2610000000000001,-3.4525614806748695,0.88408485028682837,6.1110000000000007,-3.4167000028468779,-0.96626269695720413,occupied,occupied,1,
13.340277507654072,4.2609999999999992,-3.4027170487506377,0.88311517766684722,6.1109999999999998,-3.3665862458241134,-0.96723760894442912,occupied,occupied,1,
13.390241093825061,4.2609999999999992,-3.3528692721974713,0.88213827367001618,6.0609999999999999,-3.3174591777068154,-0.91820999119204616,occupied,occupied,1,
13.44020467999605,4.2610000000000001,-3.3030181578705626,0.88115431045743275,6.0609999999999999,-3.267358512618316,-0.91919887997479854,occupied,occupied,1,
13.490168266167039,4.2609999999999992,-3.2531637126274595,0.88016346030364112,6.0609999999999999,-3.2172607686590071,-0.92019456558609924,occupied,occupied,1,
13.540131852338028,4.261000000000001,-3.2033059433222344,0.87916589560631242,6.0609999999999999,-3.1671659560961856,-0.92119687302580333,occupied,occupied,1,
13.590095438509017,4.2610000000000001,-3.1534448568071864,0.87816178889612906,6.0609999999999999,-3.1170740855542611,-0.92220562721690735,unknown,occupied,1,
13.640059024680006,4.2610000000000001,-3.1035804599222505,0.87715131284645165,6.1109999999999998,-3.0659686321188904,-0.97323098538024377,unknown,occupied,1,
13.690022610850995,4.2610000000000001,-3.0537127594955891,0.87613464028325805,6.1110000000000007,-3.0158766163073243,-0.97425223108482539,unknown,occupied,1,
13.739986197021985,4.2609999999999992,-3.0038417623387468,0.8751119441950197,6.1110000000000007,-2.9657877507215114,-0.97527939490062321,unknown,occupied,1,
13.789949783192974,4.2610000000000001,-2.9539617785947971,0.87408330980632021,6.0610000000000008,-2.9167422852375693,-0.9263014520392614,unknown,occupied,1,
13.839913369363963,4.2609999999999992,-2.9039675836051995,0.87304961394231961,6.0609999999999999,-2.8667891869365025,-0.92733429877709184,unknown,occupied,1,
13.889876955534952,4.2609999999999992,-2.8538199462143892,0.87201830281589887,6.0609999999999999,-2.8169995423806307,-0.92835825283530271,unknown,occupied,1,
13.939840541705941,4.2609999999999992,-2.8035193343491067,0.87099827269430374,6.0609999999999999,-2.7673739634915435,-0.92936460401539789,unknown,occupied,1,
13.98980412787693,4.2610000000000001,-2.7530663178239112,0.86999850326526185,6.1109999999999998,-2.7169364340006323,-0.98035426539942772,unknown,occupied,1,
14.039767714047919,4.2610000000000001,-2.702461557013748,0.86902805000079886,6.0609999999999999,-2.6686167144669168,-0.93129010892751063,unknown,occupied,1,
14.089731300218908,4.2610000000000001,-2.6517057914253508,0.86809603624613796,6.0610000000000008,-2.6194854973555755,-0.93219231492151455,unknown,occupied,1,
14.139694886389897,4.2610000000000001,-2.6007998282199711,0.86721164506295867,6.0609999999999999,-2.5705192293630761,-0.93304303543842315,unknown,occupied,1,
14.189658472560886,4.2610000000000001,-2.54974453073546,0.86638411085677258,6.1109999999999998,-2.5209391603870528,-0.98384013213673749,unknown,occupied,1,
14.239622058731875,4.2610000000000001,-2.4985408070559822,0.86562271081869446,6.0609999999999999,-2.4730804341307926,-0.9345573442284355,unknown,occupied,1,
14.289585644902864,4.2610000000000001,-2.4471895986769896,0.86493675621209976,6.0609999999999999,-2.4246068429852015,-0.93520489956242125,unknown,occupied,1,
14.339549231073853,4.2610000000000001,-2.3956918693122686,0.86433558353472395,6.0609999999999999,-2.3762960538866973,-0.93576891278098218,unknown,occupied,1,
14.389512817244842,4.2610000000000001,-2.3440485938889872,0.86382854558660294,6.0609999999999999,-2.3281469818965981,-0.93624169228300724,unknown,occupied,1,
14.43947640341583,4.2610000000000001,-2.2922607477753854,0.8634250024740262,6.0609999999999999,-2.280158305529957,-0.93661568292958541,unknown,occupied,1,
14.489439989586819,4.2610000000000001,-2.2403292962844494,0.86313431257905426,6.0610000000000008,-2.2323284592179808,-0.93688346883138696,unknown,occupied,1,
14.539403575757808,4.2609999999999992,-2.1882551844953038,0.8629658235236809,6.0609999999999999,-2.184655626469433,-0.93703777558882762,unknown,occupied,1,
14.589367161928797,4.2610000000000001,-2.1360393274323251,0.86292886315681272,6.0610000000000008,-2.1371377337711137,-0.93707147198106922,unknown,occupied,1,
14.639330748099786,4.2609999999999992,-2.0836826006400377,0.8630327305913702,6.0609999999999999,-2.0897724452648241,-0.93697757110347168,unknown,occupied,1,
14.689294334270775,4.2609999999999992,-2.0311858311896951,0.86328668731774427,6.0609999999999999,-2.0425571582352369,-0.93674923095688256,unknown,occupied,1,
14.739257920441764,4.2609999999999992,-1.9785497891512251,0.86369994841871023,6.0609999999999999,-1.9954889994399241,-0.93637975449591526,unknown,occupied,1,
14.789221506612753,4.2610000000000001,-1.925775179561684,0.86428167390957156,6.0609999999999999,-1.9485648223092502,-0.93586258914729847,unknown,occupied,1,
14.839185092783742,4.261000000000001,-1.8728626349187523,0.86504096022604626,6.0609999999999999,-1.9017812050401028,-0.93519132581313591,unknown,occupied,1,
14.889148678954731,4.2610000000000001,-1.8198127082250761,0.86598683188091219,6.0609999999999999,-1.8551344496034923,-0.93435969737783042,unknown,occupied,1,
14.93911226512572,4.2610000000000001,-1.7666258666062746,0.86712823330893907,6.0609999999999999,-1.8086205816817778,-0.93336157674116893,unknown,occupied,1,
14.989075851296709,4.2610000000000001,-1.7133024855224275,0.86847402091820447,6.0609999999999999,-1.762235351546906,-0.93219097440362597,unknown,occupied,1,
15.039039437467698,4.2610000000000001,-1.6598428435897108,0.87003295536421099,6.0610000000000008,-1.7159742358864518,-0.93084203563354639,unknown,occupied,1,
15.089003023638687,4.2610000000000001,-1.6062471180255811,0.87181369406173093,6.0609999999999999,-1.6698324405794871,-0.92930903724901559,unknown,occupied,1,
15.138966609809676,4.2610000000000001,-1.5525153807275927,0.87382478394771601,6.0609999999999999,-1.6238049044194394,-0.92758638405036498,unknown,occupied,1,
15.188930195980666,4.2609999999999992,-1.4987196334346007,0.87607103246616747,6.0609999999999999,-1.5778101875852957,-0.92566571738267334,unknown,occupied,1,
15.238893782151655,4.2610000000000001,-1.4457909996094633,0.87848766413658097,6.0609999999999999,-1.5308649671583501,-0.92352165325179147,unknown,occupied,1,
15.288857368322644,4.2610000000000001,-1.3940095743925858,0.88098942826463622,6.0609999999999999,-1.4826881649751678,-0.92119366244166356,unknown,occupied,1,
15.338820954493633,4.2610000000000001,-1.3433738273167835,0.88350392619196483,6.0609999999999999,-1.4332999490764491,-0.91874098152028416,unknown,occupied,1,
15.388784540664622,4.2610000000000001,-1.2938881787820755,0.88596345806925092,6.0609999999999999,-1.3827153483094696,-0.91622694975292129,unknown,occupied,1,
15.438748126835611,4.2609999999999992,-1.2455624189016214,0.88830469388476208,6.0609999999999999,-1.3309437891889322,-0.91371916233694184,unknown,occupied,1,
15.4887117130066,4.2610000000000001,-1.1984111670519006,0.89046845410416708,6.0609999999999999,-1.2779885990125952,-0.91128973379937628,unknown,occupied,1,
15.538675299177589,4.2610000000000001,-1.1524533551226797,0.89239959281021075,6.0609999999999999,-1.2238464601761441,-0.90901567731746669,unknown,occupied,1,
15.588638885348578,4.2609999999999992,-1.1077117164875225,0.89404697778113207,6.0609999999999999,-1.1685068014229101,-0.90697940802011512,unknown,occupied,1,
15.638602471519567,4.2610000000000001,-1.064212261277528,0.89536356282546736,6.0609999999999999,-1.1119511123345818,-0.90526938086412556,unknown,occupied,1,
15.688566057690556,4.2609999999999992,-1.0219837165857317,0.89630654772686869,6.0609999999999999,-1.0541521678594328,-0.90398087634111879,unknown,occupied,1,
15.738529643861545,4.2610000000000001,-0.98105690772779997,0.89683762010917278,6.0609999999999999,-0.99507315025195653,-0.90321694991210688,unknown,occupied,1,
15.788493230032534,4.261000000000001,-0.94146405364305696,0.89692327109162584,6.0609999999999999,-0.93466665666479487,-0.90308956347530533,unknown,occupied,1,
15.838456816203523,4.2610000000000001,-0.90323794600340113,0.8965351723597651,6.0609999999999999,-0.87287358203904297,-0.90372091903361196,unknown,occupied,1,
15.888420402374512,4.2610000000000001,-0.8664109777593032,0.89565059573427963,6.0609999999999999,-0.80962186918209267,-0.90524501558054471,unknown,occupied,1,
15.938383988545501,4.2110000000000003,-0.83340811802981518,0.94431013293055843,6.0609999999999999,-0.74482512136840651,-0.9078094494122001,occupied,occupied,1,
15.98834757471649,4.2110000000000003,-0.80037189558662147,0.94244025973256096,6.0609999999999999,-0.67838107783784674,-0.91157747470662553,occupied,occupied,1,
16.038311160887478,3.848627217382711,-0.79999999999999605,1.3037715851367881,6.0610000000000008,-0.6101699596407113,-0.9167303341347478,occupied,occupied,1,
16.088274747058467,3.6441837341701016,-0.79999999999999893,1.5072858813950809,6.0609999999999999,-0.54005270275551631,-0.92346985707900231,occupied,occupied,1,
16.138238333229456,3.5313662181324217,-0.7999999999999956,1.6193230473376696,6.0609999999999999,-0.46786910753596517,-0.93202130419440432,occupied,occupied,1,
16.188201919400445,3.4733702253166543,-0.79999999999999671,1.6767379768309179,6.0609999999999999,-0.3934359482694938,-0.94263641011480936,occupied,occupied,1,
16.238165505571434,3.4495627841768552,-0.79999999999999649,1.7002146295255474,6.0609999999999999,-0.31654510339438025,-0.95559654019983153,occupied,occupied,1,
16.288129091742423,3.4475706205036567,-0.79999999999999938,1.7021762361473707,6.0609999999999999,-0.23696178441863822,-0.97121583270816558,occupied,occupied,1,
16.338092677913412,3.4595789773609549,-0.7999999999999996,1.6904843876234685,6.0609999999999999,-0.15442295753561627,-0.98984414723665848,occupied,occupied,1,
16.388056264084401,3.4804446615030225,-0.79999999999999671,1.6703233684358025,6.2610000000000001,-0.011953384957024138,-1.2197467791427521,occupied,occupied,1,
16.43801985025539,3.5066677137550339,-0.79999999999999993,1.6452253911848511,6.2609999999999992,0.084983027243986931,-1.2477905613396678,occupied,occupied,1,
16.487983436426379,3.5791075000205899,-0.7999999999999956,1.5768532677530884,6.2610000000000001,0.19917209924541784,-1.2851202236259456,occupied,occupied,1,
16.537947022597368,3.7209941529466501,-0.79999999999999793,1.4457059359161601,6.3109999999999999,0.37370740257072321,-1.3978339977967191,occupied,occupied,1,
16.587910608768357,3.9017510299285103,-0.7999999999999956,1.2848191306988153,6.3110000000000008,0.58757857113253964,-1.4954425280046861,occupied,occupied,1,
16.637874194939346,4.0960701629385579,-0.79999999999999494,1.1229501341126804,6.0609999999999999,0.70510192939493099,-1.3521824042461512,occupied,occupied,1,
16.687837781110336,4.2375285755388505,-0.84999999999999476,1.0517607848378039,5.9110000000000005,0.94800143533110937,-1.4045200968898417,unknown,occupied,1,
16.737801367281325,4.2610000000000001,-1.0962221778727044,1.2337474578173904,5.6637403589463116,1.1500000000000026,-1.4144962218661903,unknown,occupied,1,
16.787764953452314,4.2610000000000001,-1.4532253311187335,1.5509953131981127,5.3727497443830501,1.1500000000000035,-1.2796882824575435,unknown,occupied,1,
16.837728539623303,4.2610000000000001,-1.8699710563774474,1.9431120996668012,5.1737418459745941,1.1500000000000032,-1.2117766240048662,unknown,occupied,1,
16.887692125794292,4.2610000000000001,-2.3275543537070589,2.3860714354112038,5.0278206158404908,1.150000000000001,-1.175023640526101,unknown,occupied,1,
16.937655711965281,4.2610000000000001,-2.7654844708066348,2.8160525369776903,4.916160110226202,1.150000000000003,-1.153866027824306,unknown,occupied,1,
16.98761929813627,4.2610000000000001,-3.0744009136914578,3.1215036368233173,4.8281108357403317,1.1500000000000028,-1.1407936052295342,unknown,occupied,1,
17.037582884307259,4.2610000000000001,-3.4020130298255942,3.4467851542338459,4.7413969462815384,1.1000000000000028,-1.0807862197718783,occupied,occupied,1,
17.087546470478248,4.2610000000000001,-3.8406662696534069,3.8835308769892674,4.6684081945455818,1.1500000000000019,-1.1237369660603886,occupied,occupied,1,
17.137510056649237,4.2610000000000001,-4.4765401258693194,4.5178690519991411,4.5900722655646824,1.1000000000000008,-1.0683719320074105,occupied,unknown,1,
17.187473642820226,4.2610000000000001,-5.53503491453084,5.575143954475223,4.5185353488829056,1.1000000000000023,-1.0648871277538008,occupied,unknown,1,
17.237437228991215,4.2814372798859157,-6.9000000000000252,6.9389314249354372,4.4443770793908435,0.85000000000000087,-0.81278124893626047,occupied,unknown,1,
17.287400815162204,4.3109999999999999,-11.769481274320214,11.80772154933404,4.3818951986984143,0.85000000000000386,-0.81195886508680637,unknown,occupied,1,
17.337364401333193,4.4520287516696166,-16.750000000000099,16.788461806365788,4.321341090609522,0.85000000000000209,-0.8120233933313209,unknown,occupied,1,
17.387327987504182,4.581635005292398,-16.750000000000014,16.79010746152958,4.2626844250749478,0.85000000000000264,-0.81278234306277719,unknown,occupied,1,
17.437291573675171,4.250931617252137,-0.84999999999999787,0.88653808246663968,4.2059084924760342,0.85000000000000253,-0.81405801354340512,unknown,occupied,1,
17.487255159846161,4.2046628853689905,-0.79999999999999738,0.83518553975653387,4.1510090502883585,0.85000000000000231,-0.81568657340634165,occupied,occupied,1,
17.53721874601715,4.1577585328215001,-0.79999999999999838,0.83356471442253632,4.0979930806270355,0.85000000000000153,-0.81751732753540607,occupied,occupied,1,
17.587182332188139,4.1088983562158612,-0.79999999999999793,0.8317530147404113,4.046877458199603,0.85000000000000253,-0.81941220769819867,occupied,occupied,1,
17.637145918359128,4.0580820851759531,-0.79999999999999782,0.82985942589494655,3.997687512928799,0.85000000000000242,-0.82124550849199829,occupied,occupied,1,
17.687109504530117,4.0054357914789778,-0.7999999999999956,0.82801093421001015,3.950323545049053,0.85000000000000364,-0.82290922125074073,occupied,occupied,1,
17.737073090701106,3.9524743635107638,-0.79999999999999793,0.82633853486509978,3.9032953027716344,0.85000000000000164,-0.82439420547028874,occupied,occupied,1,
17.787036676872095,3.8996296072771908,-0.79999999999999771,0.82485621085273908,3.8561716925077802,0.85000000000000175,-0.82571599003884977,occupied,occupied,1,
17.837000263043084,3.8469020372514353,-0.79999999999999727,0.82355636471128413,3.8089487089986354,0.8500000000000032,-0.8268800791197003,occupied,occupied,1,
17.886963849214073,3.7942922302551025,-0.79999999999999483,0.82243128710533997,3.7616225675774269,0.8500000000000052,-0.82789210752356512,occupied,occupied,1,
17.936927435385062,3.7418008205510449,-0.79999999999999782,0.821473164343966,3.7141897079124706,0.85000000000000164,-0.82875784177037148,occupied,occupied,1,
17.986891021556051,3.689428494417895,-0.80000000000000027,0.82067408618737014,3.6666467969139789,0.84999999999999976,-0.82948318078482963,occupied,occupied,1,
18.03685460772704,3.637175984218421,-0.79999999999999771,0.82002605392192951,3.6189907307909865,0.85000000000000209,-0.83007415619932834,occupied,occupied,1,
18.086818193898029,3.5850440619819444,-0.79999999999999971,0.8195209886814695,3.5712186362537803,0.85000000000000098,-0.83053693224026814,occupied,occupied,1,
18.136781780069018,3.5330335325239175,-0.79999999999999816,0.81915073999086951,3.5233278708616975,0.85000000000000131,-0.8308778051768495,occupied,occupied,1,
18.186745366240007,3.481145226128898,-0.79999999999999494,0.81890709450644128,3.4753160225208939,0.85000000000000542,-0.83110320231437085,occupied,occupied,1,
18.236708952410996,3.4293799908264742,-0.79999999999999738,0.8187817849256892,3.427180908141672,0.85000000000000209,-0.83121968051749417,occupied,occupied,1,
18.286672538581985,3.3777386842925368,-0.79999999999999605,0.81876649903765253,3.3789205714695116,0.85000000000000353,-0.83123392425238329,occupied,occupied,1,
18.336636124752975,3.326222165411171,-0.79999999999999838,0.81885288888372243,3.3305332801085505,0.8500000000000022,-0.83115274313997944,occupied,occupied,1,
18.386599710923964,3.2748312855350323,-0.79999999999999505,0.81903257999742829,3.2820175217606407,0.85000000000000564,-0.83098306901657182,occupied,occupied,1,
18.436563297094953,3.2235668794843888,-0.79999999999999882,0.81929718069094126,3.2333719997071793,0.85000000000000098,-0.8307319525011313,occupied,occupied,1,
18.486526883265942,3.1724297563272223,-0.79999999999999716,0.81963829135491484,3.1845956275649066,0.85000000000000309,-0.8304065590727856,occupied,occupied,1,
18.536490469436931,3.121420689984582,-0.79999999999999705,0.82004751373801676,3.1356875233504469,0.85000000000000375,-0.83001416466503364,occupied,occupied,1,
18.58645405560792,3.070540409707053,-0.80000000000000004,0.82051646017177526,3.0866470028917874,0.85000000000000031,-0.8295621507871147,occupied,occupied,1,
18.636417641778909,3.019789590469486,-0.79999999999999927,0.82103676270645376,3.0374735726279303,0.85000000000000031,-0.82905799918601963,occupied,occupied,1,
18.686381227949898,2.9691688433321635,-0.79999999999999738,0.82160008212365954,2.9881669218406928,0.85000000000000331,-0.82850928606592156,occupied,occupied,1,
18.736344814120887,2.9186787058173853,-0.79999999999999738,0.82219811679166277,2.9387269143651409,0.85000000000000231,-0.8279236758848576,occupied,occupied,1,
18.786308400291876,2.8683196323508198,-0.79999999999999494,0.82282261133004664,2.8891535798271617,0.85000000000000475,-0.82730891475126722,occupied,occupied,1,
18.836271986462865,2.8180919848170696,-0.79999999999999971,0.82346536505112344,2.8394471044584191,0.85000000000000064,-0.82667282344549364,occupied,occupied,1,
18.886235572633854,2.767996023278851,-0.79999999999999538,0.82411824014648993,2.7896078215404749,0.85000000000000475,-0.82602329009390174,occupied,occupied,1,
18.936199158804843,2.7180318969085926,-0.79999999999999472,0.82477316958863978,2.7396362015308204,0.85000000000000497,-0.8253682625250468,occupied,occupied,1,
18.986162744975832,2.6681996351800401,-0.79999999999999816,0.82542216471874319,2.6895328419238567,0.85000000000000242,-0.82471574033949047,occupied,occupied,1,
19.036126331146821,2.6184991393698072,-0.79999999999999916,0.82605732249375052,2.6392984569037261,0.85000000000000075,-0.82407376672609556,occupied,occupied,1,
19.08608991731781,2.5689260167271435,-0.79999999999999927,0.82667092102381368,2.5889380083204268,0.85000000000000009,-0.82345043203102375,occupied,occupied,1,
19.1360535034888,2.5194501525490383,-0.79999999999999793,0.82725670776308935,2.5384819721836727,0.85000000000000164,-0.82285304924054825,occupied,occupied,1,
19.186017089659789,2.4700655354274583,-0.79999999999999705,0.82780938201679077,2.4879366620084777,0.85000000000000331,-0.82228739610420032,occupied,occupied,1,
19.235980675830778,2.4207720709643881,-0.79999999999999871,0.82832367725332623,2.437302437658218,0.85000000000000187,-0.82175912461542677,occupied,occupied,1,
19.285944262001767,2.371569667681436,-0.79999999999999583,0.82879436882669277,2.3865795973374335,0.85000000000000453,-0.82127390187857685,occupied,occupied,1,
19.335907848172756,2.3224582326172545,-0.79999999999999838,0.8292162719750189,2.335768374075049,0.85000000000000231,-0.82083741195942461,occupied,occupied,1,
19.385871434343745,2.2734376669528737,-0.79999999999999938,0.82958423986433527,2.2848689322052835,0.85000000000000109,-0.82045535778939149,occupied,occupied,1,
19.435835020514734,2.2245078616378007,-0.7999999999999986,0.82989316167207616,2.2338813638203101,0.85000000000000187,-0.82013346312619251,occupied,occupied,1,
19.485798606685723,2.1756686930167599,-0.79999999999999694,0.83013796070436707,2.1828056851965436,0.85000000000000375,-0.81987747457415672,occupied,occupied,1,
19.535762192856712,2.1269200184467785,-0.79999999999999716,0.83031359254138992,2.1316418331860305,0.85000000000000309,-0.81969316366733325,occupied,occupied,1,
19.585725779027701,2.0782616718966045,-0.7999999999999976,0.83041504320504189,2.0803896615668167,0.8500000000000032,-0.81958632901864181,occupied,occupied,1,
19.63568936519869,2.0296934595216167,-0.7999999999999976,0.83043732734310516,2.0290489373474609,0.85000000000000242,-0.81956279853835456,occupied,occupied,1,
19.685652951369679,1.9812151551987585,-0.79999999999999705,0.83037548642404813,1.9776193370117789,0.85000000000000264,-0.81962843172537025,occupied,occupied,1,
19.735616537540668,1.9328264960313211,-0.79999999999999749,0.83022458693652146,1.9263042625141156,0.80000000000000271,-0.76978870661139576,occupied,occupied,1,
19.785580123711657,1.8845271777937149,-0.79999999999999549,0.82997971858751873,1.8744917384142243,0.85000000000000497,-0.82005079932526859,occupied,occupied,1,
19.835543709882646,1.8363168503250693,-0.79999999999999682,0.82963599249306152,1.8227926059093591,0.85000000000000397,-0.82041943239030213,occupied,occupied,1,
19.885507296053635,1.7881951128578739,-0.7999999999999986,0.82918853935507175,1.7710023208422023,0.85000000000000198,-0.8209010315765477,occupied,occupied,1,
19.935470882224624,1.7401615092756801,-0.79999999999999516,0.8286325076180332,1.7191200485904554,0.85000000000000553,-0.82150165149381604,occupied,occupied,1,
19.985434468395614,1.6922155232928382,-0.79999999999999871,0.82796306159881172,1.6671448400877416,0.85000000000000087,-0.82222739382031018,occupied,occupied,1,
20.035398054566603,1.6443565735494947,-0.79999999999999916,0.82717537958273235,1.6150756275533653,0.85000000000000153,-0.82308441020747825,occupied,occupied,1,
20.085361640737592,1.5965840086152465,-0.79999999999999793,0.82626465187902409,1.5629112201293918,0.85000000000000231,-0.82407890528851724,occupied,occupied,1,
20.135325226908581,1.5488971018949913,-0.79999999999999916,0.82522607882825438,1.5106502994211388,0.85000000000000031,-0.82521713979499534,occupied,occupied,1,
20.18528881307957,1.5012950464318444,-0.79999999999999716,0.82405486875432654,1.4595945552869629,0.80000000000000271,-0.77648845492101959,occupied,occupied,1,
20.235252399250559,1.4537769495951467,-0.7999999999999976,0.82274623585317408,1.4058329794294999,0.85000000000000198,-0.82795016999353477,occupied,occupied,1,
20.285215985421548,1.4063418276618784,-0.79999999999999816,0.82129539801041318,1.3532732641146821,0.85000000000000198,-0.8295577972910233,occupied,occupied,1,
20.335179571592537,1.358988600267774,-0.79999999999999705,0.8196975745392836,1.3006103938061075,0.85000000000000242,-0.83133483428547328,occupied,occupied,1,
20.385143157763526,1.3117160847367773,-0.79999999999999627,0.81794798383061451,1.2478423419174003,0.8500000000000042,-0.83328787304197582,occupied,occupied,1,
20.435106743934515,1.2645229902776616,-0.7999999999999966,0.81604184090579646,1.194966925359876,0.85000000000000275,-0.83542358294262464,occupied,occupied,1,
20.485070330105504,1.2174079120448036,-0.79999999999999827,0.81397435486366376,1.1419817993236232,0.85000000000000198,-0.83774871468529333,occupied,occupied,1,
20.535033916276493,1.1703693250585872,-0.7999999999999986,0.81174072621183002,1.088884451942242,0.85000000000000098,-0.84027010442663319,occupied,occupied,1,
20.584997502447482,1.1234055779817655,-0.79999999999999605,0.80933614407276533,1.0356721988407067,0.85000000000000375,-0.84299467807378881,occupied,occupied,1,
20.634961088618471,1.0765148867482799,-0.79999999999999605,0.80675578325460118,0.98234217756601516,0.85000000000000375,-0.84592945572913425,occupied,occupied,1,
20.68492467478946,1.0296953280416126,-0.79999999999999949,0.80399480117637079,0.9319460081476082,0.80000000000000049,-0.79898833333869335,occupied,occupied,1,
20.734888260960449,0.98294483262033383,-0.79999999999999782,0.80104833463718894,0.8753164560616572,0.85000000000000242,-0.85245820222338742,occupied,occupied,1,
20.784851847131439,0.93626117848893897,-0.79999999999999749,0.79791149641863512,0.82161408878102526,0.85000000000000264,-0.85606672447137844,occupied,occupied,1,
20.834815433302428,0.88964198391276794,-0.79999999999999838,0.79457937170930759,0.76778060727891795,0.85000000000000131,-0.85991456757094731,occupied,occupied,1,
20.884779019473417,0.84308470027644422,-0.79999999999999749,0.7910470143404934,0.71381217112301953,0.85000000000000231,-0.86400929491116518,occupied,occupied,1,
20.934742605644406,0.79658660478598176,-0.79999999999999694,0.78730944282167004,0.65970472598310104,0.85000000000000309,-0.86835859417868422,occupied,occupied,1,
20.984706191815395,0.75014479301547032,-0.79999999999999838,0.78336163616447518,0.60983856685072424,0.8000000000000016,-0.82277840664019652,occupied,occupied,1,
21.034669777986384,0.70375617130013257,-0.7999999999999976,0.77919852948378332,0.55568277731777471,0.80000000000000249,-0.82763865268666137,unknown,occupied,1,
21.084633364157373,0.65741744897835819,-0.79999999999999716,0.7748150093645565,0.50138060236326321,0.80000000000000349,-0.83277557828566506,occupied,occupied,1,
21.134596950328362,0.61112513048634354,-0.79999999999999705,0.7702059089831832,0.44692711245476124,0.80000000000000371,-0.83819733309434452,occupied,occupied,1,
21.184560536499351,0.5648755073099696,-0.7999999999999996,0.76536600297227808,0.38692468331829616,0.85000000000000042,-0.89420216247297268,occupied,occupied,1,
21.23452412267034,0.51866464979959148,-0.79999999999999727,0.76029000201810881,0.3318852534807597,0.85000000000000264,-0.90024802611892452,occupied,occupied,1,
21.284487708841329,0.47248839885458915,-0.79999999999999816,0.75497254718027296,0.27667190053017987,0.8500000000000022,-0.90660625053472987,occupied,occupied,1,
21.334451295012318,0.42634235748578009,-0.79999999999999694,0.74940820392358609,0.22749267565843523,0.80000000000000315,-0.86290107036681396,unknown,occupied,1,
21.384414881183307,0.38022188226534015,-0.79999999999999927,0.74359145585296493,0.16569914590053611,0.8500000000000012,-0.92029556086945796,unknown,occupied,1,
21.434378467354296,0.33412207467191402,-0.79999999999999682,0.73751669814218179,0.111,0.84210244360165798,-0.91967487059343811,unknown,occupied,1,
21.484342053525285,0.28803777235304795,-0.7999999999999976,0.7311782306501251,0.061048494657171451,0.80000000000000193,-0.88484284971636984,unknown,occupied,1,
21.534305639696274,0.24196354029938472,-0.79999999999999749,0.72457025071520487,-0.0022234919400521969,0.85000000000000286,-0.94340076423496644,unknown,occupied,1,
21.584269225867263,0.19589366196732777,-0.79999999999999738,0.71768684562523644,-0.058616242646895356,0.85000000000000264,-0.9518266438520846,unknown,occupied,1,
21.634232812038253,0.14982213035158842,-0.79999999999999694,0.71052198475650208,-0.042943725438779994,0.40000000000000319,-0.50486218296932162,unknown,occupied,1,
21.684196398209242,0.10374263903148226,-0.79999999999999771,0.70306951138000895,-0.088999999999999996,0.35302513798209462,-0.46595430947200567,unknown,occupied,1,
21.734159984380231,0.057648573209662553,-0.79999999999999583,0.69532313413372282,-0.088999999999999996,0.043668264350953445,-0.160995699185604,unknown,occupied,1,
